time,anchor_id,tag_id,Temperature,Humidity,rssi
2022-05-16 10:52:32.289998,84CCA8550D40,ac:23:3f:4e:6b:57,25.7,56.75,-58
2022-05-16 10:53:02.257370,84CCA8550D40,ac:23:3f:4e:6b:57,25.61,56.27,-59
2022-05-16 10:53:31.901607,84CCA8550D40,ac:23:3f:4e:6b:57,25.62,56.71,-58
2022-05-16 10:54:01.565532,84CCA8550D40,ac:23:3f:4e:6b:57,25.57,56.45,-56
2022-05-16 10:54:36.488274,84CCA8550D40,ac:23:3f:4e:6b:57,25.55,56.67,-56
2022-05-16 10:55:06.473042,84CCA8550D40,ac:23:3f:4e:6b:57,25.55,56.84,-56
2022-05-16 10:55:35.970557,84CCA8550D40,ac:23:3f:4e:6b:57,25.59,56.84,-58
2022-05-16 10:56:06.010657,84CCA8550D40,ac:23:3f:4e:6b:57,25.64,56.77,-58
2022-05-16 10:56:35.719282,84CCA8550D40,ac:23:3f:4e:6b:57,25.68,56.55,-58
2022-05-16 10:57:05.797481,84CCA8550D40,ac:23:3f:4e:6b:57,25.71,56.61,-58
2022-05-16 10:57:35.269194,84CCA8550D40,ac:23:3f:4e:6b:57,25.69,56.7,-57
2022-05-16 10:58:05.286866,84CCA8550D40,ac:23:3f:4e:6b:57,25.71,56.64,-57
2022-05-16 11:23:59.493866,84CCA8550D40,ac:23:3f:4e:6b:57,26.09,55.31,-76
2022-05-16 11:24:29.504360,84CCA8550D40,ac:23:3f:4e:6b:57,25.95,54.75,-75
2022-05-16 11:24:58.988966,84CCA8550D40,ac:23:3f:4e:6b:57,25.87,55.16,-71
2022-05-16 11:25:28.860793,84CCA8550D40,ac:23:3f:4e:6b:57,25.8,55.03,-72
2022-05-16 11:25:59.038961,84CCA8550D40,ac:23:3f:4e:6b:57,25.69,54.83,-69
2022-05-16 11:26:28.601563,84CCA8550D40,ac:23:3f:4e:6b:57,25.66,55.29,-69
2022-05-16 11:26:58.183372,84CCA8550D40,ac:23:3f:4e:6b:57,25.59,55.36,-69
2022-05-16 11:27:27.897857,84CCA8550D40,ac:23:3f:4e:6b:57,25.55,55.45,-66
2022-05-16 11:28:06.702518,84CCA8550D40,ac:23:3f:4e:6b:57,25.5,56.07,-59
2022-05-16 11:28:36.266073,84CCA8550D40,ac:23:3f:4e:6b:57,25.5,56.08,-59
2022-05-16 11:43:45.421330,84CCA8550D40,ac:23:3f:4e:6b:57,25.14,56.74,-57
2022-05-16 11:44:15.238628,84CCA8550D40,ac:23:3f:4e:6b:57,25.16,57.01,-59
2022-05-16 11:44:45.187187,84CCA8550D40,ac:23:3f:4e:6b:57,25.18,57.0,-58
2022-05-16 11:46:14.407894,84CCA8550D40,ac:23:3f:4e:6b:57,25.24,56.96,-58
2022-05-16 11:46:44.416207,84CCA8550D40,ac:23:3f:4e:6b:57,25.21,56.61,-59
2022-05-16 11:47:19.536108,84CCA8550D40,ac:23:3f:4e:6b:57,25.06,56.75,-59
2022-05-16 11:47:50.559596,84CCA8550D40,ac:23:3f:4e:6b:57,25.04,56.75,-58
2022-05-16 11:48:14.812952,84CCA8550D40,ac:23:3f:4e:6b:57,24.99,56.97,-60
2022-05-16 11:48:49.406998,84CCA8550D40,ac:23:3f:4e:6b:57,24.9,56.91,-57
2022-05-16 11:49:20.780915,84CCA8550D40,ac:23:3f:4e:6b:57,24.86,56.96,-59
2022-05-16 11:49:50.469832,84CCA8550D40,ac:23:3f:4e:6b:57,24.79,57.17,-59
2022-05-16 11:50:20.035598,84CCA8550D40,ac:23:3f:4e:6b:57,24.8,57.4,-59
2022-05-16 11:50:49.881055,84CCA8550D40,ac:23:3f:4e:6b:57,24.74,56.94,-59
2022-05-16 11:51:19.573903,84CCA8550D40,ac:23:3f:4e:6b:57,24.66,56.65,-59
2022-05-16 11:51:49.992599,84CCA8550D40,ac:23:3f:4e:6b:57,24.65,57.08,-57
2022-05-16 11:52:19.150287,84CCA8550D40,ac:23:3f:4e:6b:57,24.65,56.56,-59
2022-05-16 11:52:49.083702,84CCA8550D40,ac:23:3f:4e:6b:57,24.62,56.66,-58
2022-05-16 11:53:18.970354,84CCA8550D40,ac:23:3f:4e:6b:57,24.63,56.55,-59
2022-05-16 11:56:24.682054,84CCA8550D40,ac:23:3f:4e:6b:57,24.83,56.94,-57
2022-05-16 11:56:54.277774,84CCA8550D40,ac:23:3f:4e:6b:57,24.81,56.97,-58
2022-05-16 11:57:24.376881,84CCA8550D40,ac:23:3f:4e:6b:57,24.84,56.99,-59
2022-05-16 11:57:53.846478,84CCA8550D40,ac:23:3f:4e:6b:57,24.86,56.91,-57
2022-05-16 11:58:23.857509,84CCA8550D40,ac:23:3f:4e:6b:57,24.88,56.91,-57
2022-05-16 11:58:53.537310,84CCA8550D40,ac:23:3f:4e:6b:57,24.9,56.9,-57
2022-05-16 11:59:23.419654,84CCA8550D40,ac:23:3f:4e:6b:57,24.91,56.75,-58
2022-05-16 11:59:53.103113,84CCA8550D40,ac:23:3f:4e:6b:57,24.93,56.93,-59
2022-05-16 12:00:23.026880,84CCA8550D40,ac:23:3f:4e:6b:57,24.95,56.8,-58
2022-05-16 12:00:57.940802,84CCA8550D40,ac:23:3f:4e:6b:57,24.97,56.8,-58
2022-05-16 12:01:27.946949,84CCA8550D40,ac:23:3f:4e:6b:57,24.98,56.85,-58
2022-05-16 12:01:57.665579,84CCA8550D40,ac:23:3f:4e:6b:57,24.98,56.64,-59
2022-05-16 12:02:27.767677,84CCA8550D40,ac:23:3f:4e:6b:57,24.97,56.76,-58
2022-05-16 12:02:57.234637,84CCA8550D40,ac:23:3f:4e:6b:57,24.98,57.0,-58
2022-05-16 12:03:26.963696,84CCA8550D40,ac:23:3f:4e:6b:57,24.98,56.89,-59
2022-05-16 12:03:57.267255,84CCA8550D40,ac:23:3f:4e:6b:57,24.89,56.56,-58
2022-05-16 12:04:26.964635,84CCA8550D40,ac:23:3f:4e:6b:57,24.85,56.96,-59
2022-05-16 12:04:56.547138,84CCA8550D40,ac:23:3f:4e:6b:57,24.86,57.09,-58
2022-05-16 12:05:26.355907,84CCA8550D40,ac:23:3f:4e:6b:57,24.88,57.2,-59
2022-05-16 12:06:01.166723,84CCA8550D40,ac:23:3f:4e:6b:57,24.91,57.27,-59
2022-05-16 12:06:30.869897,84CCA8550D40,ac:23:3f:4e:6b:57,24.94,57.17,-58
2022-05-16 12:07:00.778105,84CCA8550D40,ac:23:3f:4e:6b:57,24.96,57.14,-58
2022-05-16 12:07:30.251127,84CCA8550D40,ac:23:3f:4e:6b:57,24.92,57.15,-59
2022-05-16 12:07:59.956780,84CCA8550D40,ac:23:3f:4e:6b:57,24.86,57.24,-57
2022-05-16 12:08:31.917642,84CCA8550D40,ac:23:3f:4e:6b:57,24.86,57.55,-59
2022-05-16 12:09:01.705234,84CCA8550D40,ac:23:3f:4e:6b:57,24.84,57.69,-58
2022-05-16 12:09:31.317285,84CCA8550D40,ac:23:3f:4e:6b:57,24.83,57.71,-59
2022-05-16 12:10:00.864263,84CCA8550D40,ac:23:3f:4e:6b:57,24.84,57.76,-57
2022-05-16 12:10:31.114931,84CCA8550D40,ac:23:3f:4e:6b:57,24.85,57.75,-58
2022-05-16 12:11:00.439605,84CCA8550D40,ac:23:3f:4e:6b:57,24.82,57.57,-59
2022-05-16 12:11:30.613116,84CCA8550D40,ac:23:3f:4e:6b:57,24.83,57.79,-59
2022-05-16 12:12:05.432019,84CCA8550D40,ac:23:3f:4e:6b:57,24.84,57.83,-58
2022-05-16 12:12:35.128335,84CCA8550D40,ac:23:3f:4e:6b:57,24.86,57.86,-58
2022-05-16 12:13:04.830102,84CCA8550D40,ac:23:3f:4e:6b:57,24.89,57.79,-58
2022-05-16 12:13:34.348523,84CCA8550D40,ac:23:3f:4e:6b:57,24.89,57.79,-59
2022-05-16 12:14:04.133852,84CCA8550D40,ac:23:3f:4e:6b:57,24.9,57.75,-59
2022-05-16 12:14:37.097111,84CCA8550D40,ac:23:3f:4e:6b:57,24.89,57.52,-59
2022-05-16 12:15:03.878371,84CCA8550D40,ac:23:3f:4e:6b:57,24.83,57.15,-59
2022-05-16 12:15:33.715394,84CCA8550D40,ac:23:3f:4e:6b:57,24.83,57.57,-59
2022-05-16 12:16:04.296944,84CCA8550D40,ac:23:3f:4e:6b:57,24.84,57.52,-58
2022-05-16 12:16:34.383046,84CCA8550D40,ac:23:3f:4e:6b:57,24.86,57.63,-58
2022-05-16 12:17:09.198477,84CCA8550D40,ac:23:3f:4e:6b:57,24.89,57.54,-58
2022-05-16 12:17:39.288289,84CCA8550D40,ac:23:3f:4e:6b:57,24.9,57.53,-57
2022-05-16 12:18:08.914621,84CCA8550D40,ac:23:3f:4e:6b:57,24.9,57.35,-59
2022-05-16 12:18:38.855786,84CCA8550D40,ac:23:3f:4e:6b:57,24.86,57.31,-59
2022-05-16 12:19:08.214157,84CCA8550D40,ac:23:3f:4e:6b:57,24.77,57.51,-57
2022-05-16 12:19:38.367228,84CCA8550D40,ac:23:3f:4e:6b:57,24.75,57.39,-59
2022-05-16 12:20:08.184694,84CCA8550D40,ac:23:3f:4e:6b:57,24.71,57.47,-59
2022-05-16 12:20:37.448589,84CCA8550D40,ac:23:3f:4e:6b:57,24.71,57.84,-59
2022-05-16 12:21:07.361000,84CCA8550D40,ac:23:3f:4e:6b:57,24.71,57.68,-58
2022-05-16 12:21:36.889731,84CCA8550D40,ac:23:3f:4e:6b:57,24.71,57.65,-59
2022-05-16 12:22:11.806676,84CCA8550D40,ac:23:3f:4e:6b:57,24.75,57.94,-57
2022-05-16 12:22:41.540764,84CCA8550D40,ac:23:3f:4e:6b:57,24.74,57.97,-57
2022-05-16 12:23:11.280290,84CCA8550D40,ac:23:3f:4e:6b:57,24.66,56.87,-59
2022-05-16 12:23:41.376523,84CCA8550D40,ac:23:3f:4e:6b:57,24.6,56.37,-58
2022-05-16 12:24:11.478374,84CCA8550D40,ac:23:3f:4e:6b:57,24.61,57.11,-59
2022-05-16 12:24:41.187071,84CCA8550D40,ac:23:3f:4e:6b:57,24.67,57.57,-59
2022-05-16 12:25:10.663496,84CCA8550D40,ac:23:3f:4e:6b:57,24.67,57.6,-58
2022-05-16 12:25:41.360406,84CCA8550D40,ac:23:3f:4e:6b:57,24.68,57.39,-58
2022-05-16 12:26:10.047617,84CCA8550D40,ac:23:3f:4e:6b:57,24.68,57.22,-59
2022-05-16 12:26:39.905675,84CCA8550D40,ac:23:3f:4e:6b:57,24.69,57.32,-59
2022-05-16 12:27:15.202764,84CCA8550D40,ac:23:3f:4e:6b:57,24.71,57.62,-57
2022-05-16 12:27:44.997050,84CCA8550D40,ac:23:3f:4e:6b:57,24.73,57.64,-58
2022-05-16 12:28:14.265183,84CCA8550D40,ac:23:3f:4e:6b:57,24.75,57.62,-57
2022-05-16 12:28:44.091171,84CCA8550D40,ac:23:3f:4e:6b:57,24.75,57.26,-58
2022-05-16 12:29:14.065647,84CCA8550D40,ac:23:3f:4e:6b:57,24.78,57.4,-57
2022-05-16 12:29:43.803183,84CCA8550D40,ac:23:3f:4e:6b:57,24.8,57.21,-57
2022-05-16 12:30:13.692839,84CCA8550D40,ac:23:3f:4e:6b:57,24.82,56.74,-59
2022-05-16 12:30:43.178629,84CCA8550D40,ac:23:3f:4e:6b:57,24.83,56.98,-59
2022-05-16 12:31:13.897271,84CCA8550D40,ac:23:3f:4e:6b:57,24.82,56.82,-59
2022-05-16 12:33:16.635334,84CCA8550D40,ac:23:3f:4e:6b:57,24.87,56.67,-59
2022-05-16 12:33:45.835831,84CCA8550D40,ac:23:3f:4e:6b:57,24.88,56.91,-61
2022-05-16 12:34:16.026799,84CCA8550D40,ac:23:3f:4e:6b:57,24.87,56.3,-61
2022-05-16 12:34:58.134977,84CCA8550D40,ac:23:3f:4e:6b:57,24.87,56.66,-59
2022-05-16 12:35:11.580632,84CCA8550D40,ac:23:3f:4e:6b:57,24.89,56.98,-60
2022-05-16 12:35:17.047376,84CCA8550D40,ac:23:3f:4e:6b:57,24.92,57.17,-60
2022-05-16 12:35:42.629496,84CCA8550D40,ac:23:3f:4e:6b:57,24.91,57.17,-60
2022-05-16 12:35:50.239157,84CCA8550D40,ac:23:3f:4e:6b:57,24.94,57.07,-60
2022-05-16 12:36:17.939835,84CCA8550D40,ac:23:3f:4e:6b:57,24.94,57.06,-58
2022-05-16 12:36:47.976287,84CCA8550D40,ac:23:3f:4e:6b:57,24.95,56.84,-63
2022-05-16 12:37:17.283138,84CCA8550D40,ac:23:3f:4e:6b:57,24.96,56.66,-63
2022-05-16 12:37:47.515958,84CCA8550D40,ac:23:3f:4e:6b:57,24.96,56.41,-59
2022-05-16 12:38:13.305348,84CCA8550D40,ac:23:3f:4e:6b:57,24.96,56.67,-60
2022-05-16 12:38:22.378624,84CCA8550D40,ac:23:3f:4e:6b:57,24.92,56.15,-62
2022-05-16 12:38:47.324133,84CCA8550D40,ac:23:3f:4e:6b:57,24.92,56.17,-62
2022-05-16 12:39:13.096413,84CCA8550D40,ac:23:3f:4e:6b:57,24.92,56.63,-60
2022-05-16 12:39:22.676479,84CCA8550D40,ac:23:3f:4e:6b:57,24.93,56.72,-58
2022-05-16 12:39:48.241525,84CCA8550D40,ac:23:3f:4e:6b:57,24.93,56.75,-58
2022-05-16 12:40:18.879468,84CCA8550D40,ac:23:3f:4e:6b:57,24.96,56.85,-60
2022-05-16 12:40:48.489193,84CCA8550D40,ac:23:3f:4e:6b:57,24.98,57.34,-59
2022-05-16 12:41:18.511922,84CCA8550D40,ac:23:3f:4e:6b:57,24.97,56.79,-56
2022-05-16 12:41:53.024311,84CCA8550D40,ac:23:3f:4e:6b:57,25.02,57.07,-59
2022-05-16 12:42:22.854837,84CCA8550D40,ac:23:3f:4e:6b:57,25.02,57.05,-56
2022-05-16 12:42:53.421150,84CCA8550D40,ac:23:3f:4e:6b:57,25.07,57.18,-59
2022-05-16 12:43:22.656214,84CCA8550D40,ac:23:3f:4e:6b:57,25.06,56.63,-59
2022-05-16 12:43:48.647142,84CCA8550D40,ac:23:3f:4e:6b:57,25.08,56.63,-60
2022-05-16 12:44:23.555649,84CCA8550D40,ac:23:3f:4e:6b:57,25.09,56.62,-59
2022-05-16 12:44:52.084365,84CCA8550D40,ac:23:3f:4e:6b:57,25.09,56.65,-60
2022-05-16 12:45:23.948048,84CCA8550D40,ac:23:3f:4e:6b:57,25.1,56.56,-59
2022-05-16 12:45:54.112674,84CCA8550D40,ac:23:3f:4e:6b:57,25.12,56.77,-58
2022-05-16 12:46:19.844742,84CCA8550D40,ac:23:3f:4e:6b:57,25.12,56.72,-85
2022-05-16 12:46:29.285697,84CCA8550D40,ac:23:3f:4e:6b:57,25.2,59.09,-78
2022-05-16 12:46:53.888312,84CCA8550D40,ac:23:3f:4e:6b:57,25.21,59.61,-66
2022-05-16 12:47:23.547463,84CCA8550D40,ac:23:3f:4e:6b:57,25.33,58.46,-73
2022-05-16 12:47:53.513840,84CCA8550D40,ac:23:3f:4e:6b:57,25.35,56.97,-75
2022-05-16 12:48:23.137172,84CCA8550D40,ac:23:3f:4e:6b:57,25.36,56.5,-73
2022-05-16 12:48:52.882094,84CCA8550D40,ac:23:3f:4e:6b:57,25.34,56.47,-76
2022-05-16 12:49:28.654821,84CCA8550D40,ac:23:3f:4e:6b:57,25.33,56.27,-72
2022-05-16 12:49:57.799284,84CCA8550D40,ac:23:3f:4e:6b:57,25.3,56.3,-70
2022-05-16 13:32:00.355407,84CCA8550D40,ac:23:3f:4e:6b:57,26.17,52.91,-56
2022-05-16 13:32:25.007706,84CCA8550D40,ac:23:3f:4e:6b:57,26.14,52.76,-52
2022-05-16 13:32:54.820729,84CCA8550D40,ac:23:3f:4e:6b:57,26.14,53.1,-49
2022-05-16 13:33:24.776878,84CCA8550D40,ac:23:3f:4e:6b:57,26.2,53.27,-52
2022-05-16 13:33:49.553831,84CCA8550D40,ac:23:3f:4e:6b:57,26.26,53.19,-51
2022-05-16 13:34:19.045717,84CCA8550D40,ac:23:3f:4e:6b:57,26.26,53.17,-56
2022-05-16 13:34:43.828688,84CCA8550D40,ac:23:3f:4e:6b:57,26.24,52.99,-52
2022-05-16 13:35:13.589646,84CCA8550D40,ac:23:3f:4e:6b:57,26.2,53.08,-52
2022-05-16 13:35:38.246322,84CCA8550D40,ac:23:3f:4e:6b:57,26.18,53.22,-56
2022-05-16 13:36:08.080689,84CCA8550D40,ac:23:3f:4e:6b:57,26.2,53.63,-50
2022-05-16 13:36:32.743260,84CCA8550D40,ac:23:3f:4e:6b:57,26.22,53.46,-52
2022-05-16 13:37:02.789326,84CCA8550D40,ac:23:3f:4e:6b:57,26.14,53.41,-52
2022-05-16 13:37:27.567704,84CCA8550D40,ac:23:3f:4e:6b:57,26.13,53.61,-56
2022-05-16 13:37:57.088783,84CCA8550D40,ac:23:3f:4e:6b:57,26.12,53.53,-52
2022-05-16 13:38:21.755665,84CCA8550D40,ac:23:3f:4e:6b:57,26.01,53.38,-56
2022-05-16 13:38:51.497944,84CCA8550D40,ac:23:3f:4e:6b:57,25.99,53.75,-51
2022-05-16 13:39:21.295585,84CCA8550D40,ac:23:3f:4e:6b:57,26.02,53.88,-56
2022-05-16 13:39:45.975612,84CCA8550D40,ac:23:3f:4e:6b:57,26.06,54.02,-52
2022-05-16 13:40:16.030614,84CCA8550D40,ac:23:3f:4e:6b:57,26.09,54.41,-51
2022-05-16 13:40:40.792965,84CCA8550D40,ac:23:3f:4e:6b:57,26.12,54.12,-51
2022-05-16 13:41:10.375581,84CCA8550D40,ac:23:3f:4e:6b:57,26.17,53.96,-57
2022-05-16 13:41:35.004121,84CCA8550D40,ac:23:3f:4e:6b:57,26.16,53.91,-55
2022-05-16 13:42:04.736468,84CCA8550D40,ac:23:3f:4e:6b:57,26.17,53.81,-56
2022-05-16 13:42:29.456223,84CCA8550D40,ac:23:3f:4e:6b:57,26.19,53.9,-51
2022-05-16 13:42:59.199059,84CCA8550D40,ac:23:3f:4e:6b:57,26.19,53.82,-51
2022-05-16 13:43:23.962810,84CCA8550D40,ac:23:3f:4e:6b:57,26.21,53.66,-55
2022-05-16 13:43:53.946990,84CCA8550D40,ac:23:3f:4e:6b:57,26.24,53.7,-51
2022-05-16 13:44:23.437850,84CCA8550D40,ac:23:3f:4e:6b:57,26.3,53.56,-55
2022-05-16 13:44:48.166995,84CCA8550D40,ac:23:3f:4e:6b:57,26.3,53.56,-51
2022-05-16 13:45:18.022439,84CCA8550D40,ac:23:3f:4e:6b:57,26.31,53.5,-55
2022-05-16 13:45:42.726142,84CCA8550D40,ac:23:3f:4e:6b:57,26.32,53.45,-51
2022-05-16 13:46:12.459579,84CCA8550D40,ac:23:3f:4e:6b:57,26.29,53.48,-50
2022-05-16 13:46:37.222681,84CCA8550D40,ac:23:3f:4e:6b:57,26.27,53.52,-51
2022-05-16 13:47:07.181064,84CCA8550D40,ac:23:3f:4e:6b:57,26.28,53.58,-56
2022-05-16 13:47:31.874786,84CCA8550D40,ac:23:3f:4e:6b:57,26.28,53.56,-55
2022-05-16 13:48:01.409325,84CCA8550D40,ac:23:3f:4e:6b:57,26.19,53.65,-50
2022-05-16 13:48:26.082831,84CCA8550D40,ac:23:3f:4e:6b:57,26.18,53.79,-51
2022-05-16 13:48:55.920990,84CCA8550D40,ac:23:3f:4e:6b:57,26.03,53.95,-50
2022-05-16 13:49:20.583063,84CCA8550D40,ac:23:3f:4e:6b:57,25.96,54.04,-55
2022-05-16 13:49:50.372257,84CCA8550D40,ac:23:3f:4e:6b:57,25.95,54.24,-50
2022-05-16 13:50:20.322050,84CCA8550D40,ac:23:3f:4e:6b:57,25.96,54.37,-52
2022-05-16 13:50:44.999158,84CCA8550D40,ac:23:3f:4e:6b:57,26.0,54.35,-50
2022-05-16 13:51:14.599480,84CCA8550D40,ac:23:3f:4e:6b:57,26.03,54.24,-52
2022-05-16 13:52:08.485411,84CCA8550D40,ac:23:3f:4e:6b:57,26.07,54.08,-51
2022-05-16 13:52:38.221171,84CCA8550D40,ac:23:3f:4e:6b:57,26.03,54.02,-50
2022-05-16 13:53:08.036056,84CCA8550D40,ac:23:3f:4e:6b:57,25.89,54.31,-54
2022-05-16 13:53:32.704548,84CCA8550D40,ac:23:3f:4e:6b:57,25.89,54.33,-51
2022-05-16 13:54:02.646829,84CCA8550D40,ac:23:3f:4e:6b:57,25.98,54.43,-55
2022-05-16 13:54:27.409141,84CCA8550D40,ac:23:3f:4e:6b:57,25.98,54.44,-50
2022-05-16 13:54:56.923322,84CCA8550D40,ac:23:3f:4e:6b:57,26.0,54.52,-54
2022-05-16 13:55:21.705316,84CCA8550D40,ac:23:3f:4e:6b:57,25.95,54.31,-54
2022-05-16 13:55:51.452694,84CCA8550D40,ac:23:3f:4e:6b:57,25.98,54.33,-52
2022-05-16 13:56:40.250175,84CCA8550D40,ac:23:3f:4e:6b:57,26.07,54.05,-50
2022-05-16 13:57:23.828994,84CCA8550D40,ac:23:3f:4e:6b:57,26.12,53.83,-54
2022-05-16 13:57:53.629614,84CCA8550D40,ac:23:3f:4e:6b:57,26.1,53.76,-51
2022-05-16 13:58:23.371506,84CCA8550D40,ac:23:3f:4e:6b:57,26.11,53.6,-50
2022-05-16 13:58:48.160602,84CCA8550D40,ac:23:3f:4e:6b:57,26.1,53.59,-51
2022-05-16 13:59:18.158441,84CCA8550D40,ac:23:3f:4e:6b:57,26.09,53.86,-51
2022-05-16 13:59:42.852925,84CCA8550D40,ac:23:3f:4e:6b:57,26.09,53.85,-56
2022-05-16 14:00:12.387939,84CCA8550D40,ac:23:3f:4e:6b:57,26.06,53.47,-51
2022-05-16 14:00:37.870414,84CCA8550D40,ac:23:3f:4e:6b:57,25.99,53.54,-50
2022-05-16 14:01:06.916467,84CCA8550D40,ac:23:3f:4e:6b:57,25.91,53.84,-54
2022-05-16 14:01:31.618817,84CCA8550D40,ac:23:3f:4e:6b:57,25.9,54.36,-51
2022-05-16 14:02:01.431189,84CCA8550D40,ac:23:3f:4e:6b:57,25.82,54.6,-53
2022-05-16 14:02:26.126887,84CCA8550D40,ac:23:3f:4e:6b:57,25.81,54.86,-52
2022-05-16 14:02:55.984440,84CCA8550D40,ac:23:3f:4e:6b:57,25.79,54.96,-50
2022-05-16 14:03:20.854004,84CCA8550D40,ac:23:3f:4e:6b:57,25.82,54.96,-52
2022-05-16 14:03:50.351777,84CCA8550D40,ac:23:3f:4e:6b:57,25.86,54.94,-52
2022-05-16 14:04:15.130131,84CCA8550D40,ac:23:3f:4e:6b:57,25.93,54.91,-54
2022-05-16 14:04:44.833230,84CCA8550D40,ac:23:3f:4e:6b:57,25.96,54.83,-54
2022-05-16 14:05:14.647064,84CCA8550D40,ac:23:3f:4e:6b:57,25.97,55.66,-51
2022-05-16 14:05:39.327341,84CCA8550D40,ac:23:3f:4e:6b:57,25.98,55.16,-50
2022-05-16 14:06:09.209956,84CCA8550D40,ac:23:3f:4e:6b:57,25.99,54.86,-54
2022-05-16 14:06:34.096497,84CCA8550D40,ac:23:3f:4e:6b:57,25.99,54.68,-54
2022-05-16 14:07:03.603716,84CCA8550D40,ac:23:3f:4e:6b:57,26.0,54.6,-54
2022-05-16 14:07:28.320232,84CCA8550D40,ac:23:3f:4e:6b:57,26.02,54.62,-51
2022-05-16 14:07:37.831203,84CCA8550D40,ac:23:3f:4e:6b:57,26.02,54.62,-49
2022-05-16 14:07:47.512749,84CCA8550D40,ac:23:3f:4e:6b:57,26.02,54.62,-51
2022-05-16 14:08:21.461454,84CCA8550D40,ac:23:3f:4e:6b:57,26.03,54.56,-49
2022-05-16 14:08:51.198119,84CCA8550D40,ac:23:3f:4e:6b:57,25.98,54.6,-49
2022-05-16 14:09:26.174908,84CCA8550D40,ac:23:3f:4e:6b:57,26.0,54.52,-50
2022-05-16 14:10:10.431766,84CCA8550D40,ac:23:3f:4e:6b:57,25.99,54.42,-49
2022-05-16 14:10:35.155821,84CCA8550D40,ac:23:3f:4e:6b:57,25.97,54.49,-53
2022-05-16 14:11:05.161636,84CCA8550D40,ac:23:3f:4e:6b:57,25.98,54.54,-51
2022-05-16 14:11:29.905529,84CCA8550D40,ac:23:3f:4e:6b:57,25.99,54.51,-51
2022-05-16 14:11:59.824867,84CCA8550D40,ac:23:3f:4e:6b:57,26.02,54.48,-50
2022-05-16 14:12:24.494835,84CCA8550D40,ac:23:3f:4e:6b:57,26.04,54.41,-51
2022-05-16 14:12:54.700872,84CCA8550D40,ac:23:3f:4e:6b:57,26.06,54.44,-53
2022-05-16 14:13:19.088219,84CCA8550D40,ac:23:3f:4e:6b:57,26.08,54.34,-50
2022-05-16 14:13:49.518923,84CCA8550D40,ac:23:3f:4e:6b:57,26.09,54.35,-49
2022-05-16 14:14:14.095378,84CCA8550D40,ac:23:3f:4e:6b:57,26.1,54.33,-54
2022-05-16 14:14:44.013599,84CCA8550D40,ac:23:3f:4e:6b:57,26.13,54.21,-52
2022-05-16 14:15:08.977870,84CCA8550D40,ac:23:3f:4e:6b:57,26.08,54.42,-49
2022-05-16 14:15:28.357549,84CCA8550D40,ac:23:3f:4e:6b:57,26.06,54.1,-53
2022-05-16 14:15:38.417215,84CCA8550D40,ac:23:3f:4e:6b:57,26.06,54.1,-50
2022-05-16 14:16:12.120534,84CCA8550D40,ac:23:3f:4e:6b:57,26.07,53.96,-53
2022-05-16 14:16:42.047613,84CCA8550D40,ac:23:3f:4e:6b:57,26.0,53.75,-50
2022-05-16 14:17:06.751199,84CCA8550D40,ac:23:3f:4e:6b:57,26.0,54.07,-51
2022-05-16 14:17:36.593146,84CCA8550D40,ac:23:3f:4e:6b:57,26.0,54.06,-51
2022-05-16 14:17:46.731234,84CCA8550D40,ac:23:3f:4e:6b:57,26.0,53.91,-50
2022-05-16 14:18:25.811083,84CCA8550D40,ac:23:3f:4e:6b:57,26.02,53.97,-49
2022-05-16 14:18:45.421149,84CCA8550D40,ac:23:3f:4e:6b:57,26.03,54.48,-50
2022-05-16 14:18:54.856388,84CCA8550D40,ac:23:3f:4e:6b:57,26.03,54.48,-50
2022-05-16 14:19:29.541475,84CCA8550D40,ac:23:3f:4e:6b:57,26.04,53.94,-51
2022-05-16 14:19:58.954597,84CCA8550D40,ac:23:3f:4e:6b:57,26.05,53.79,-50
2022-05-16 14:20:28.800264,84CCA8550D40,ac:23:3f:4e:6b:57,26.04,53.73,-53
2022-05-16 14:20:53.487353,84CCA8550D40,ac:23:3f:4e:6b:57,26.06,53.87,-50
2022-05-16 14:21:23.352745,84CCA8550D40,ac:23:3f:4e:6b:57,25.97,54.0,-50
2022-05-16 14:21:48.007467,84CCA8550D40,ac:23:3f:4e:6b:57,25.98,54.02,-50
2022-05-16 14:22:17.896634,84CCA8550D40,ac:23:3f:4e:6b:57,25.97,54.02,-50
2022-05-16 14:22:47.557629,84CCA8550D40,ac:23:3f:4e:6b:57,25.96,53.88,-53
2022-05-16 14:23:12.226750,84CCA8550D40,ac:23:3f:4e:6b:57,25.94,54.07,-51
2022-05-16 14:23:42.062373,84CCA8550D40,ac:23:3f:4e:6b:57,25.97,53.89,-53
2022-05-16 14:24:06.754020,84CCA8550D40,ac:23:3f:4e:6b:57,25.98,53.81,-52
2022-05-16 14:24:36.634102,84CCA8550D40,ac:23:3f:4e:6b:57,25.99,54.2,-50
2022-05-16 14:25:06.522475,84CCA8550D40,ac:23:3f:4e:6b:57,25.99,54.2,-49
2022-05-16 14:25:31.175812,84CCA8550D40,ac:23:3f:4e:6b:57,26.0,53.93,-49
2022-05-16 14:26:00.833940,84CCA8550D40,ac:23:3f:4e:6b:57,26.0,54.0,-54
2022-05-16 14:26:30.562066,84CCA8550D40,ac:23:3f:4e:6b:57,26.02,53.82,-54
2022-05-16 14:26:55.270300,84CCA8550D40,ac:23:3f:4e:6b:57,26.02,53.82,-50
2022-05-16 14:27:25.033382,84CCA8550D40,ac:23:3f:4e:6b:57,26.03,53.89,-49
2022-05-16 14:27:49.841118,84CCA8550D40,ac:23:3f:4e:6b:57,26.04,53.91,-49
2022-05-16 14:28:19.805580,84CCA8550D40,ac:23:3f:4e:6b:57,26.07,54.09,-50
2022-05-16 14:28:49.346889,84CCA8550D40,ac:23:3f:4e:6b:57,26.06,53.77,-54
2022-05-16 14:29:14.008378,84CCA8550D40,ac:23:3f:4e:6b:57,26.06,53.77,-54
2022-05-16 14:29:43.750759,84CCA8550D40,ac:23:3f:4e:6b:57,26.07,53.76,-50
2022-05-16 14:30:08.491686,84CCA8550D40,ac:23:3f:4e:6b:57,26.06,53.85,-50
2022-05-16 14:30:38.209133,84CCA8550D40,ac:23:3f:4e:6b:57,26.03,53.95,-49
2022-05-16 14:31:08.312936,84CCA8550D40,ac:23:3f:4e:6b:57,26.04,53.8,-49
2022-05-16 14:31:32.899423,84CCA8550D40,ac:23:3f:4e:6b:57,26.09,53.6,-50
2022-05-16 14:32:02.540462,84CCA8550D40,ac:23:3f:4e:6b:57,26.11,53.43,-55
2022-05-16 14:32:27.215548,84CCA8550D40,ac:23:3f:4e:6b:57,26.09,53.48,-50
2022-05-16 14:32:56.969769,84CCA8550D40,ac:23:3f:4e:6b:57,26.06,53.71,-55
2022-05-16 14:33:26.886014,84CCA8550D40,ac:23:3f:4e:6b:57,26.06,53.57,-50
2022-05-16 14:33:51.465574,84CCA8550D40,ac:23:3f:4e:6b:57,26.07,53.57,-53
2022-05-16 14:34:21.567632,84CCA8550D40,ac:23:3f:4e:6b:57,26.04,54.03,-53
2022-05-16 14:34:46.243226,84CCA8550D40,ac:23:3f:4e:6b:57,26.05,53.92,-52
2022-05-16 14:35:00.532261,84CCA8550D40,ac:23:3f:4e:6b:57,26.04,53.91,-55
2022-05-16 14:35:19.533528,84CCA8550D40,ac:23:3f:4e:6b:57,26.04,53.86,-50
2022-05-16 14:35:44.210797,84CCA8550D40,ac:23:3f:4e:6b:57,26.04,53.86,-50
2022-05-16 14:36:13.944634,84CCA8550D40,ac:23:3f:4e:6b:57,26.05,53.83,-49
2022-05-16 14:36:38.686939,84CCA8550D40,ac:23:3f:4e:6b:57,26.07,53.84,-50
2022-05-16 14:37:08.422946,84CCA8550D40,ac:23:3f:4e:6b:57,26.04,53.78,-53
2022-05-16 14:37:33.309770,84CCA8550D40,ac:23:3f:4e:6b:57,26.08,53.73,-52
2022-05-16 14:38:03.170792,84CCA8550D40,ac:23:3f:4e:6b:57,26.1,53.63,-50
2022-05-16 14:38:32.735083,84CCA8550D40,ac:23:3f:4e:6b:57,26.13,53.53,-50
2022-05-16 14:38:57.491153,84CCA8550D40,ac:23:3f:4e:6b:57,26.12,54.15,-52
2022-05-16 14:39:27.242650,84CCA8550D40,ac:23:3f:4e:6b:57,26.14,53.58,-52
2022-05-16 14:39:51.999485,84CCA8550D40,ac:23:3f:4e:6b:57,26.15,54.06,-50
2022-05-16 14:40:21.738810,84CCA8550D40,ac:23:3f:4e:6b:57,26.17,53.53,-52
2022-05-16 14:40:31.446195,84CCA8550D40,ac:23:3f:4e:6b:57,26.19,53.31,-52
2022-05-16 14:40:50.211535,84CCA8550D40,ac:23:3f:4e:6b:57,26.19,53.17,-51
2022-05-16 14:41:14.884097,84CCA8550D40,ac:23:3f:4e:6b:57,26.19,53.17,-50
2022-05-16 14:41:44.907306,84CCA8550D40,ac:23:3f:4e:6b:57,26.13,52.82,-53
2022-05-16 14:42:09.682482,84CCA8550D40,ac:23:3f:4e:6b:57,26.15,52.93,-50
2022-05-16 14:42:39.529030,84CCA8550D40,ac:23:3f:4e:6b:57,26.17,53.14,-49
2022-05-16 14:43:03.989620,84CCA8550D40,ac:23:3f:4e:6b:57,26.18,53.29,-52
2022-05-16 14:43:33.706614,84CCA8550D40,ac:23:3f:4e:6b:57,26.19,53.16,-50
2022-05-16 14:44:03.426164,84CCA8550D40,ac:23:3f:4e:6b:57,26.21,53.3,-52
2022-05-16 14:44:28.175592,84CCA8550D40,ac:23:3f:4e:6b:57,26.21,53.28,-55
2022-05-16 14:44:58.154150,84CCA8550D40,ac:23:3f:4e:6b:57,26.22,53.18,-52
2022-05-16 14:45:22.893782,84CCA8550D40,ac:23:3f:4e:6b:57,26.24,53.37,-51
2022-05-16 14:45:52.456349,84CCA8550D40,ac:23:3f:4e:6b:57,26.25,53.07,-57
2022-05-16 14:46:22.257548,84CCA8550D40,ac:23:3f:4e:6b:57,26.28,53.02,-56
2022-05-16 14:46:46.935509,84CCA8550D40,ac:23:3f:4e:6b:57,26.27,52.82,-57
2022-05-16 14:47:16.683046,84CCA8550D40,ac:23:3f:4e:6b:57,26.29,52.84,-54
2022-05-16 14:47:41.469512,84CCA8550D40,ac:23:3f:4e:6b:57,26.27,52.8,-54
2022-05-16 14:48:11.462720,84CCA8550D40,ac:23:3f:4e:6b:57,26.27,52.53,-52
2022-05-16 14:48:41.108242,84CCA8550D40,ac:23:3f:4e:6b:57,26.26,52.35,-54
2022-05-16 14:49:05.806459,84CCA8550D40,ac:23:3f:4e:6b:57,26.26,52.34,-52
2022-05-16 14:49:35.776190,84CCA8550D40,ac:23:3f:4e:6b:57,26.26,52.24,-53
2022-05-16 14:50:00.461462,84CCA8550D40,ac:23:3f:4e:6b:57,26.24,52.29,-52
2022-05-16 14:50:30.400960,84CCA8550D40,ac:23:3f:4e:6b:57,26.23,52.44,-57
2022-05-16 14:50:55.332255,84CCA8550D40,ac:23:3f:4e:6b:57,26.24,52.47,-52
2022-05-16 14:51:25.203044,84CCA8550D40,ac:23:3f:4e:6b:57,26.21,52.58,-52
2022-05-16 14:51:54.874081,84CCA8550D40,ac:23:3f:4e:6b:57,26.14,52.77,-53
2022-05-16 14:52:19.550685,84CCA8550D40,ac:23:3f:4e:6b:57,26.11,52.9,-54
2022-05-16 14:52:49.378904,84CCA8550D40,ac:23:3f:4e:6b:57,26.05,52.93,-56
2022-05-16 14:53:14.118098,84CCA8550D40,ac:23:3f:4e:6b:57,25.9,53.24,-53
2022-05-16 14:53:43.828644,84CCA8550D40,ac:23:3f:4e:6b:57,25.85,53.46,-54
2022-05-16 14:54:14.508450,84CCA8550D40,ac:23:3f:4e:6b:57,25.84,53.65,-53
2022-05-16 14:54:39.285379,84CCA8550D40,ac:23:3f:4e:6b:57,25.84,53.66,-57
2022-05-16 14:55:09.095481,84CCA8550D40,ac:23:3f:4e:6b:57,25.9,53.6,-57
2022-05-16 14:55:33.774307,84CCA8550D40,ac:23:3f:4e:6b:57,25.92,53.48,-57
2022-05-16 14:56:03.861609,84CCA8550D40,ac:23:3f:4e:6b:57,25.95,53.36,-56
2022-05-16 14:56:28.541101,84CCA8550D40,ac:23:3f:4e:6b:57,25.98,53.23,-57
2022-05-16 14:56:58.284917,84CCA8550D40,ac:23:3f:4e:6b:57,26.0,53.23,-56
2022-05-16 14:57:28.337451,84CCA8550D40,ac:23:3f:4e:6b:57,26.03,53.2,-57
2022-05-16 14:57:53.013615,84CCA8550D40,ac:23:3f:4e:6b:57,26.06,53.17,-58
2022-05-16 14:58:22.624852,84CCA8550D40,ac:23:3f:4e:6b:57,26.08,53.08,-52
2022-05-16 14:58:47.300541,84CCA8550D40,ac:23:3f:4e:6b:57,26.11,52.94,-57
2022-05-16 14:59:17.094104,84CCA8550D40,ac:23:3f:4e:6b:57,26.12,52.83,-56
2022-05-16 14:59:46.835764,84CCA8550D40,ac:23:3f:4e:6b:57,26.13,52.61,-55
2022-05-16 15:00:11.519067,84CCA8550D40,ac:23:3f:4e:6b:57,26.14,52.41,-54
2022-05-16 15:00:41.575647,84CCA8550D40,ac:23:3f:4e:6b:57,26.15,52.43,-57
2022-05-16 15:01:06.264244,84CCA8550D40,ac:23:3f:4e:6b:57,26.15,52.51,-56
2022-05-16 15:01:35.824862,84CCA8550D40,ac:23:3f:4e:6b:57,26.14,52.49,-55
2022-05-16 15:02:05.563910,84CCA8550D40,ac:23:3f:4e:6b:57,26.16,52.38,-52
2022-05-16 15:02:30.340320,84CCA8550D40,ac:23:3f:4e:6b:57,26.17,52.41,-54
2022-05-16 15:03:00.106220,84CCA8550D40,ac:23:3f:4e:6b:57,26.18,52.49,-56
2022-05-16 15:03:24.727148,84CCA8550D40,ac:23:3f:4e:6b:57,26.2,52.63,-57
2022-05-16 15:03:54.826569,84CCA8550D40,ac:23:3f:4e:6b:57,26.21,52.67,-54
2022-05-16 15:04:24.374076,84CCA8550D40,ac:23:3f:4e:6b:57,26.16,53.06,-52
2022-05-16 15:04:49.156461,84CCA8550D40,ac:23:3f:4e:6b:57,26.15,52.85,-52
2022-05-16 15:05:18.889448,84CCA8550D40,ac:23:3f:4e:6b:57,26.17,53.47,-56
2022-05-16 15:06:03.349263,84CCA8550D40,ac:23:3f:4e:6b:57,26.16,52.92,-52
2022-05-16 15:06:28.020989,84CCA8550D40,ac:23:3f:4e:6b:57,26.15,52.89,-57
2022-05-16 15:06:57.899306,84CCA8550D40,ac:23:3f:4e:6b:57,26.13,53.02,-57
2022-05-16 15:07:27.835267,84CCA8550D40,ac:23:3f:4e:6b:57,26.14,52.91,-53
2022-05-16 15:07:52.452543,84CCA8550D40,ac:23:3f:4e:6b:57,26.12,53.14,-54
2022-05-16 15:08:22.106210,84CCA8550D40,ac:23:3f:4e:6b:57,26.13,53.01,-53
2022-05-16 15:08:46.816321,84CCA8550D40,ac:23:3f:4e:6b:57,26.14,52.88,-52
2022-05-16 15:09:21.665751,84CCA8550D40,ac:23:3f:4e:6b:57,26.12,52.82,-57
2022-05-16 15:10:06.041361,84CCA8550D40,ac:23:3f:4e:6b:57,26.13,52.67,-58
2022-05-16 15:10:35.790231,84CCA8550D40,ac:23:3f:4e:6b:57,26.14,52.68,-54
2022-05-16 15:11:20.133881,84CCA8550D40,ac:23:3f:4e:6b:57,26.19,52.69,-58
2022-05-16 15:11:44.813803,84CCA8550D40,ac:23:3f:4e:6b:57,26.19,52.68,-57
2022-05-16 15:12:14.602282,84CCA8550D40,ac:23:3f:4e:6b:57,26.21,52.68,-54
2022-05-16 15:12:39.294978,84CCA8550D40,ac:23:3f:4e:6b:57,26.23,52.66,-54
2022-05-16 15:13:09.246287,84CCA8550D40,ac:23:3f:4e:6b:57,26.23,52.71,-55
2022-05-16 15:13:38.919182,84CCA8550D40,ac:23:3f:4e:6b:57,26.13,52.97,-59
2022-05-16 15:14:03.587205,84CCA8550D40,ac:23:3f:4e:6b:57,26.11,53.05,-54
2022-05-16 15:14:33.392395,84CCA8550D40,ac:23:3f:4e:6b:57,26.13,53.16,-58
2022-05-16 15:14:58.052661,84CCA8550D40,ac:23:3f:4e:6b:57,26.15,53.16,-52
2022-05-16 15:15:27.862929,84CCA8550D40,ac:23:3f:4e:6b:57,26.17,53.17,-57
2022-05-16 15:15:57.816832,84CCA8550D40,ac:23:3f:4e:6b:57,26.2,53.08,-54
2022-05-16 15:16:22.541622,84CCA8550D40,ac:23:3f:4e:6b:57,26.2,53.07,-55
2022-05-16 15:16:52.207546,84CCA8550D40,ac:23:3f:4e:6b:57,26.21,53.06,-57
2022-05-16 15:17:16.887181,84CCA8550D40,ac:23:3f:4e:6b:57,26.21,53.03,-53
2022-05-16 15:17:46.713077,84CCA8550D40,ac:23:3f:4e:6b:57,26.18,52.73,-58
2022-05-16 15:18:16.437400,84CCA8550D40,ac:23:3f:4e:6b:57,26.18,52.56,-56
2022-05-16 15:18:41.166385,84CCA8550D40,ac:23:3f:4e:6b:57,26.21,52.57,-52
2022-05-16 15:19:11.178289,84CCA8550D40,ac:23:3f:4e:6b:57,26.26,52.55,-58
2022-05-16 15:19:35.728503,84CCA8550D40,ac:23:3f:4e:6b:57,26.26,52.53,-57
2022-05-16 15:20:06.271347,84CCA8550D40,ac:23:3f:4e:6b:57,26.26,52.36,-59
2022-05-16 15:20:30.980526,84CCA8550D40,ac:23:3f:4e:6b:57,26.27,52.36,-53
2022-05-16 15:21:00.797862,84CCA8550D40,ac:23:3f:4e:6b:57,26.25,52.26,-57
2022-05-16 15:21:30.530063,84CCA8550D40,ac:23:3f:4e:6b:57,26.26,52.25,-52
2022-05-16 15:21:55.269699,84CCA8550D40,ac:23:3f:4e:6b:57,26.24,52.33,-54
2022-05-16 15:22:25.209523,84CCA8550D40,ac:23:3f:4e:6b:57,26.26,52.66,-57
2022-05-16 15:22:54.748740,84CCA8550D40,ac:23:3f:4e:6b:57,26.26,52.22,-57
2022-05-16 15:23:19.642364,84CCA8550D40,ac:23:3f:4e:6b:57,26.27,52.21,-52
2022-05-16 15:23:49.444839,84CCA8550D40,ac:23:3f:4e:6b:57,26.25,52.3,-67
2022-05-16 15:24:14.415567,84CCA8550D40,ac:23:3f:4e:6b:57,26.23,52.4,-68
2022-05-16 15:24:44.064064,84CCA8550D40,ac:23:3f:4e:6b:57,26.23,52.39,-67
2022-05-16 15:25:09.271747,84CCA8550D40,ac:23:3f:4e:6b:57,26.23,52.33,-65
2022-05-16 15:25:39.739986,84CCA8550D40,ac:23:3f:4e:6b:57,26.19,52.16,-65
2022-05-16 15:26:08.807530,84CCA8550D40,ac:23:3f:4e:6b:57,26.13,52.26,-67
2022-05-16 15:26:33.732881,84CCA8550D40,ac:23:3f:4e:6b:57,26.11,52.37,-68
2022-05-16 15:27:03.545039,84CCA8550D40,ac:23:3f:4e:6b:57,26.1,52.52,-56
2022-05-16 15:27:52.301793,84CCA8550D40,ac:23:3f:4e:6b:57,26.1,52.86,-68
2022-05-16 15:28:22.042269,84CCA8550D40,ac:23:3f:4e:6b:57,26.06,52.88,-68
2022-05-16 15:28:46.811213,84CCA8550D40,ac:23:3f:4e:6b:57,26.06,52.9,-66
2022-05-16 15:29:16.781230,84CCA8550D40,ac:23:3f:4e:6b:57,26.07,52.98,-67
2022-05-16 15:29:46.381616,84CCA8550D40,ac:23:3f:4e:6b:57,26.09,52.98,-66
2022-05-16 15:30:11.073649,84CCA8550D40,ac:23:3f:4e:6b:57,26.09,53.14,-67
2022-05-16 15:30:41.058090,84CCA8550D40,ac:23:3f:4e:6b:57,26.1,53.14,-66
2022-05-16 15:31:05.740485,84CCA8550D40,ac:23:3f:4e:6b:57,26.09,53.12,-65
2022-05-16 15:31:35.470131,84CCA8550D40,ac:23:3f:4e:6b:57,26.04,52.99,-66
2022-05-16 15:32:00.699794,84CCA8550D40,ac:23:3f:4e:6b:57,26.03,53.0,-66
2022-05-16 15:32:30.622376,84CCA8550D40,ac:23:3f:4e:6b:57,26.0,53.57,-67
2022-05-16 15:33:00.383304,84CCA8550D40,ac:23:3f:4e:6b:57,25.99,53.14,-65
2022-05-16 15:33:25.070803,84CCA8550D40,ac:23:3f:4e:6b:57,26.01,53.17,-66
2022-05-16 15:33:54.921230,84CCA8550D40,ac:23:3f:4e:6b:57,26.02,53.22,-69
2022-05-16 15:34:19.583473,84CCA8550D40,ac:23:3f:4e:6b:57,26.03,53.19,-65
2022-05-16 15:34:49.375157,84CCA8550D40,ac:23:3f:4e:6b:57,26.03,53.1,-73
2022-05-16 15:35:19.308515,84CCA8550D40,ac:23:3f:4e:6b:57,26.03,53.13,-69
2022-05-16 15:35:43.952218,84CCA8550D40,ac:23:3f:4e:6b:57,26.04,53.1,-70
2022-05-16 15:36:13.615448,84CCA8550D40,ac:23:3f:4e:6b:57,26.03,53.17,-72
2022-05-16 15:36:43.388187,84CCA8550D40,ac:23:3f:4e:6b:57,26.02,53.28,-73
2022-05-16 15:37:08.258975,84CCA8550D40,ac:23:3f:4e:6b:57,26.03,53.3,-72
2022-05-16 15:37:38.001540,84CCA8550D40,ac:23:3f:4e:6b:57,26.03,53.36,-69
2022-05-16 15:38:02.682166,84CCA8550D40,ac:23:3f:4e:6b:57,26.05,53.44,-71
2022-05-16 15:38:32.614662,84CCA8550D40,ac:23:3f:4e:6b:57,26.05,53.43,-70
2022-05-16 15:38:57.305281,84CCA8550D40,ac:23:3f:4e:6b:57,26.03,53.46,-72
2022-05-16 15:39:26.987958,84CCA8550D40,ac:23:3f:4e:6b:57,26.03,53.59,-72
2022-05-16 15:39:56.749680,84CCA8550D40,ac:23:3f:4e:6b:57,26.02,53.63,-73
2022-05-16 15:40:21.684184,84CCA8550D40,ac:23:3f:4e:6b:57,26.02,53.54,-72
2022-05-16 15:40:51.428500,84CCA8550D40,ac:23:3f:4e:6b:57,26.0,53.51,-69
2022-05-16 15:41:21.329408,84CCA8550D40,ac:23:3f:4e:6b:57,25.98,53.22,-73
2022-05-16 15:41:46.188965,84CCA8550D40,ac:23:3f:4e:6b:57,25.98,53.21,-68
2022-05-16 15:42:15.615310,84CCA8550D40,ac:23:3f:4e:6b:57,25.99,53.19,-75
2022-05-16 15:42:40.446115,84CCA8550D40,ac:23:3f:4e:6b:57,25.94,53.21,-74
2022-05-16 15:43:10.155035,84CCA8550D40,ac:23:3f:4e:6b:57,25.94,53.39,-76
2022-05-16 15:43:34.936843,84CCA8550D40,ac:23:3f:4e:6b:57,25.94,53.39,-72
2022-05-16 15:44:04.682203,84CCA8550D40,ac:23:3f:4e:6b:57,25.95,53.42,-68
2022-05-16 15:44:35.231858,84CCA8550D40,ac:23:3f:4e:6b:57,25.93,53.39,-68
2022-05-16 15:44:59.723367,84CCA8550D40,ac:23:3f:4e:6b:57,25.95,53.21,-69
2022-05-16 15:45:29.363811,84CCA8550D40,ac:23:3f:4e:6b:57,25.96,53.16,-75
2022-05-16 15:45:54.031731,84CCA8550D40,ac:23:3f:4e:6b:57,25.97,53.12,-74
2022-05-16 15:46:23.735576,84CCA8550D40,ac:23:3f:4e:6b:57,25.97,53.11,-73
2022-05-16 15:46:53.558449,84CCA8550D40,ac:23:3f:4e:6b:57,25.98,53.15,-74
2022-05-16 15:48:21.191186,84CCA8550D40,ac:23:3f:4e:6b:57,26.0,53.05,-77
2022-05-16 15:48:50.648799,84CCA8550D40,ac:23:3f:4e:6b:57,26.0,52.8,-71
2022-05-16 15:49:15.500244,84CCA8550D40,ac:23:3f:4e:6b:57,26.06,53.8,-70
2022-05-16 15:49:45.394587,84CCA8550D40,ac:23:3f:4e:6b:57,26.07,52.93,-68
2022-05-16 15:50:17.810253,84CCA8550D40,ac:23:3f:4e:6b:57,26.07,52.86,-69
2022-05-16 15:51:09.933530,84CCA8550D40,ac:23:3f:4e:6b:57,26.09,52.89,-68
2022-05-16 15:51:35.118711,84CCA8550D40,ac:23:3f:4e:6b:57,26.09,52.91,-72
2022-05-16 15:52:04.528575,84CCA8550D40,ac:23:3f:4e:6b:57,26.1,52.94,-68
2022-05-16 15:52:34.435188,84CCA8550D40,ac:23:3f:4e:6b:57,26.09,52.87,-69
2022-05-16 15:52:59.061495,84CCA8550D40,ac:23:3f:4e:6b:57,26.1,52.88,-74
2022-05-16 15:53:29.246224,84CCA8550D40,ac:23:3f:4e:6b:57,26.19,53.81,-71
2022-05-16 15:54:11.270084,84CCA8550D40,ac:23:3f:4e:6b:57,26.19,53.07,-75
2022-05-16 15:54:27.966974,84CCA8550D40,ac:23:3f:4e:6b:57,26.19,53.02,-74
2022-05-16 15:54:52.516731,84CCA8550D40,ac:23:3f:4e:6b:57,26.2,52.98,-76
2022-05-16 15:55:18.986772,84CCA8550D40,ac:23:3f:4e:6b:57,26.2,53.03,-72
2022-05-16 15:55:48.374148,84CCA8550D40,ac:23:3f:4e:6b:57,26.17,52.93,-74
2022-05-16 15:56:13.007282,84CCA8550D40,ac:23:3f:4e:6b:57,26.17,52.95,-78
2022-05-16 15:56:42.608654,84CCA8550D40,ac:23:3f:4e:6b:57,26.16,53.11,-72
2022-05-16 15:57:12.372011,84CCA8550D40,ac:23:3f:4e:6b:57,26.18,53.07,-72
2022-05-16 15:57:37.142131,84CCA8550D40,ac:23:3f:4e:6b:57,26.18,53.06,-79
2022-05-16 15:58:07.223795,84CCA8550D40,ac:23:3f:4e:6b:57,26.2,53.11,-75
2022-05-16 15:58:34.360127,84CCA8550D40,ac:23:3f:4e:6b:57,26.19,53.2,-77
2022-05-16 15:59:01.335576,84CCA8550D40,ac:23:3f:4e:6b:57,26.19,52.78,-72
2022-05-16 15:59:31.090883,84CCA8550D40,ac:23:3f:4e:6b:57,26.19,52.72,-76
2022-05-16 15:59:55.911269,84CCA8550D40,ac:23:3f:4e:6b:57,26.18,52.88,-71
2022-05-16 16:00:25.611121,84CCA8550D40,ac:23:3f:4e:6b:57,26.18,52.87,-71
2022-05-16 16:00:50.353359,84CCA8550D40,ac:23:3f:4e:6b:57,26.19,52.89,-77
2022-05-16 16:01:36.434598,84CCA8550D40,ac:23:3f:4e:6b:57,26.19,53.13,-78
2022-05-16 16:01:36.438593,84CCA8550D40,ac:23:3f:4e:6b:57,26.18,52.97,-72
2022-05-16 16:03:05.111021,84CCA8550D40,ac:23:3f:4e:6b:57,26.25,52.81,-71
2022-05-16 16:03:29.797858,84CCA8550D40,ac:23:3f:4e:6b:57,26.26,52.91,-71
2022-05-16 16:04:01.647225,84CCA8550D40,ac:23:3f:4e:6b:57,26.28,52.8,-77
2022-05-16 16:04:24.584750,84CCA8550D40,ac:23:3f:4e:6b:57,26.26,52.81,-76
2022-05-16 16:04:54.087335,84CCA8550D40,ac:23:3f:4e:6b:57,26.27,52.86,-71
2022-05-16 16:05:19.934558,84CCA8550D40,ac:23:3f:4e:6b:57,26.27,52.9,-71
2022-05-16 16:05:49.688385,84CCA8550D40,ac:23:3f:4e:6b:57,26.26,52.98,-76
2022-05-16 16:06:19.792761,84CCA8550D40,ac:23:3f:4e:6b:57,26.29,53.13,-75
2022-05-16 16:06:44.386934,84CCA8550D40,ac:23:3f:4e:6b:57,26.27,52.99,-71
2022-05-16 16:07:15.109740,84CCA8550D40,ac:23:3f:4e:6b:57,26.28,52.97,-76
2022-05-16 16:07:39.681129,84CCA8550D40,ac:23:3f:4e:6b:57,26.28,53.01,-75
2022-05-16 16:08:09.098422,84CCA8550D40,ac:23:3f:4e:6b:57,26.27,52.98,-74
2022-05-16 16:08:33.895307,84CCA8550D40,ac:23:3f:4e:6b:57,26.26,53.0,-71
2022-05-16 16:09:03.632279,84CCA8550D40,ac:23:3f:4e:6b:57,26.25,53.0,-72
2022-05-16 16:09:33.553421,84CCA8550D40,ac:23:3f:4e:6b:57,26.25,53.07,-76
2022-05-16 16:09:58.340650,84CCA8550D40,ac:23:3f:4e:6b:57,26.26,52.82,-72
2022-05-16 16:10:28.101157,84CCA8550D40,ac:23:3f:4e:6b:57,26.25,52.6,-75
2022-05-16 16:10:55.365897,84CCA8550D40,ac:23:3f:4e:6b:57,26.23,52.66,-74
2022-05-16 16:11:22.453684,84CCA8550D40,ac:23:3f:4e:6b:57,26.23,52.62,-71
2022-05-16 16:11:52.236732,84CCA8550D40,ac:23:3f:4e:6b:57,26.24,52.77,-73
2022-05-16 16:12:16.905497,84CCA8550D40,ac:23:3f:4e:6b:57,26.23,52.69,-72
2022-05-16 16:12:46.863684,84CCA8550D40,ac:23:3f:4e:6b:57,26.24,52.91,-71
2022-05-16 16:13:11.528299,84CCA8550D40,ac:23:3f:4e:6b:57,26.22,52.97,-75
2022-05-16 16:13:41.404965,84CCA8550D40,ac:23:3f:4e:6b:57,26.22,53.02,-71
2022-05-16 16:14:11.054836,84CCA8550D40,ac:23:3f:4e:6b:57,26.24,53.61,-74
2022-05-16 16:14:35.717423,84CCA8550D40,ac:23:3f:4e:6b:57,26.24,53.6,-68
2022-05-16 16:15:05.595873,84CCA8550D40,ac:23:3f:4e:6b:57,26.24,53.76,-78
2022-05-16 16:15:30.231366,84CCA8550D40,ac:23:3f:4e:6b:57,26.27,53.56,-77
2022-05-16 16:16:00.216626,84CCA8550D40,ac:23:3f:4e:6b:57,26.28,53.71,-67
2022-05-16 16:16:30.180858,84CCA8550D40,ac:23:3f:4e:6b:57,26.28,53.51,-72
2022-05-16 16:16:54.816976,84CCA8550D40,ac:23:3f:4e:6b:57,26.3,53.41,-72
2022-05-16 16:17:19.700253,84CCA8550D40,ac:23:3f:4e:6b:57,26.28,53.34,-73
2022-05-16 16:17:29.015351,84CCA8550D40,ac:23:3f:4e:6b:57,26.28,53.34,-68
2022-05-16 16:17:38.812483,84CCA8550D40,ac:23:3f:4e:6b:57,26.28,53.34,-68
2022-05-16 16:17:48.161354,84CCA8550D40,ac:23:3f:4e:6b:57,26.28,53.34,-68
2022-05-16 16:17:57.494969,84CCA8550D40,ac:23:3f:4e:6b:57,26.28,53.34,-71
2022-05-16 16:18:06.964828,84CCA8550D40,ac:23:3f:4e:6b:57,26.28,53.34,-71
2022-05-16 16:18:46.165078,84CCA8550D40,ac:23:3f:4e:6b:57,26.17,53.51,-68
2022-05-16 16:19:15.983352,84CCA8550D40,ac:23:3f:4e:6b:57,26.17,53.48,-66
2022-05-16 16:19:43.909229,84CCA8550D40,ac:23:3f:4e:6b:57,26.14,53.59,-68
2022-05-16 16:20:10.554580,84CCA8550D40,ac:23:3f:4e:6b:57,26.18,54.26,-67
2022-05-16 16:23:25.764842,84CCA8550D40,ac:23:3f:4e:6b:57,26.12,54.38,-66
2022-05-16 16:24:56.522940,84CCA8550D40,ac:23:3f:4e:6b:57,26.33,53.87,-72
2022-05-16 16:30:48.673194,84CCA8550D40,ac:23:3f:4e:6b:57,26.75,53.64,-68
2022-05-16 16:31:18.367607,84CCA8550D40,ac:23:3f:4e:6b:57,26.77,53.42,-67
2022-05-16 16:31:43.037606,84CCA8550D40,ac:23:3f:4e:6b:57,26.77,53.38,-73
2022-05-16 16:32:13.055591,84CCA8550D40,ac:23:3f:4e:6b:57,26.77,53.58,-78
2022-05-16 16:32:38.446057,84CCA8550D40,ac:23:3f:4e:6b:57,26.76,53.22,-78
2022-05-16 16:33:07.558833,84CCA8550D40,ac:23:3f:4e:6b:57,26.76,53.59,-65
2022-05-16 16:33:40.480502,84CCA8550D40,ac:23:3f:4e:6b:57,26.75,54.09,-70
2022-05-16 16:34:03.469500,84CCA8550D40,ac:23:3f:4e:6b:57,26.74,53.41,-71
2022-05-16 16:34:31.804438,84CCA8550D40,ac:23:3f:4e:6b:57,26.71,53.46,-69
2022-05-16 16:35:01.533542,84CCA8550D40,ac:23:3f:4e:6b:57,26.7,54.66,-83
2022-05-16 16:35:26.310012,84CCA8550D40,ac:23:3f:4e:6b:57,26.7,54.7,-72
2022-05-16 16:35:56.080712,84CCA8550D40,ac:23:3f:4e:6b:57,26.61,53.17,-75
2022-05-16 16:36:20.826093,84CCA8550D40,ac:23:3f:4e:6b:57,26.57,53.12,-75
2022-05-16 16:36:50.795316,84CCA8550D40,ac:23:3f:4e:6b:57,26.51,52.91,-73
2022-05-16 16:37:20.402209,84CCA8550D40,ac:23:3f:4e:6b:57,26.5,53.86,-73
2022-05-16 16:37:47.662194,84CCA8550D40,ac:23:3f:4e:6b:57,26.51,53.89,-79
2022-05-16 16:38:14.834717,84CCA8550D40,ac:23:3f:4e:6b:57,26.52,53.65,-73
2022-05-16 16:38:39.610036,84CCA8550D40,ac:23:3f:4e:6b:57,26.52,53.71,-72
2022-05-16 16:39:09.332062,84CCA8550D40,ac:23:3f:4e:6b:57,26.46,52.99,-74
2022-05-16 16:39:39.200223,84CCA8550D40,ac:23:3f:4e:6b:57,26.41,52.53,-82
2022-05-16 16:40:00.047330,84CCA8550D40,ac:23:3f:4e:6b:57,26.37,52.74,-93
2022-05-16 16:40:34.643332,84CCA8550D40,ac:23:3f:4e:6b:57,26.37,52.98,-74
2022-05-16 16:40:59.438430,84CCA8550D40,ac:23:3f:4e:6b:57,26.39,53.13,-72
2022-05-16 16:41:29.167465,84CCA8550D40,ac:23:3f:4e:6b:57,26.4,53.87,-65
2022-05-16 16:41:53.936864,84CCA8550D40,ac:23:3f:4e:6b:57,26.42,54.16,-70
2022-05-16 16:42:23.924037,84CCA8550D40,ac:23:3f:4e:6b:57,26.43,53.85,-75
2022-05-16 16:42:55.812239,84CCA8550D40,ac:23:3f:4e:6b:57,26.39,53.66,-73
2022-05-16 16:43:24.210369,84CCA8550D40,ac:23:3f:4e:6b:57,26.4,53.8,-72
2022-05-16 16:44:22.674281,84CCA8550D40,ac:23:3f:4e:6b:57,26.39,53.55,-70
2022-05-16 16:44:46.473467,84CCA8550D40,ac:23:3f:4e:6b:57,26.42,53.85,-70
2022-05-16 16:44:55.866142,84CCA8550D40,ac:23:3f:4e:6b:57,26.42,53.85,-73
2022-05-16 16:46:12.916335,84CCA8550D40,ac:23:3f:4e:6b:57,26.39,53.83,-72
2022-05-16 16:46:22.540099,84CCA8550D40,ac:23:3f:4e:6b:57,26.39,53.83,-74
2022-05-16 16:46:56.537092,84CCA8550D40,ac:23:3f:4e:6b:57,26.36,53.81,-73
2022-05-16 16:47:26.358943,84CCA8550D40,ac:23:3f:4e:6b:57,26.36,53.79,-77
2022-05-16 16:47:51.025706,84CCA8550D40,ac:23:3f:4e:6b:57,26.32,53.99,-72
2022-05-16 16:48:20.840833,84CCA8550D40,ac:23:3f:4e:6b:57,26.2,53.78,-72
2022-05-16 16:48:35.386851,84CCA8550D40,ac:23:3f:4e:6b:57,26.18,54.18,-74
2022-05-16 16:48:44.848535,84CCA8550D40,ac:23:3f:4e:6b:57,26.18,54.18,-70
2022-05-16 16:49:19.107935,84CCA8550D40,ac:23:3f:4e:6b:57,26.14,54.16,-73
2022-05-16 16:49:48.844473,84CCA8550D40,ac:23:3f:4e:6b:57,26.07,54.3,-70
2022-05-16 16:50:13.933968,84CCA8550D40,ac:23:3f:4e:6b:57,26.08,54.52,-69
2022-05-16 16:50:49.922032,84CCA8550D40,ac:23:3f:4e:6b:57,26.05,54.57,-72
2022-05-16 16:50:58.358031,84CCA8550D40,ac:23:3f:4e:6b:57,26.05,54.58,-72
2022-05-16 16:51:17.288008,84CCA8550D40,ac:23:3f:4e:6b:57,26.05,54.64,-69
2022-05-16 16:51:38.146636,84CCA8550D40,ac:23:3f:4e:6b:57,26.05,54.64,-68
2022-05-16 16:52:22.224081,84CCA8550D40,ac:23:3f:4e:6b:57,26.02,54.7,-75
2022-05-16 16:52:36.858651,84CCA8550D40,ac:23:3f:4e:6b:57,26.06,54.72,-75
2022-05-16 16:52:46.333268,84CCA8550D40,ac:23:3f:4e:6b:57,26.06,54.72,-74
2022-05-16 16:57:44.786911,84CCA8550D40,ac:23:3f:4e:6b:57,26.3,53.87,-69
2022-05-16 16:58:14.659035,84CCA8550D40,ac:23:3f:4e:6b:57,26.3,53.84,-71
2022-05-16 16:58:39.334369,84CCA8550D40,ac:23:3f:4e:6b:57,26.32,54.3,-70
2022-05-16 16:59:08.972218,84CCA8550D40,ac:23:3f:4e:6b:57,26.28,53.98,-74
2022-05-16 16:59:38.682000,84CCA8550D40,ac:23:3f:4e:6b:57,26.17,54.37,-77
2022-05-16 17:00:03.520833,84CCA8550D40,ac:23:3f:4e:6b:57,26.03,54.71,-78
2022-05-16 17:00:33.229701,84CCA8550D40,ac:23:3f:4e:6b:57,26.01,55.05,-72
2022-05-16 17:01:03.071248,84CCA8550D40,ac:23:3f:4e:6b:57,25.98,55.28,-78
2022-05-16 17:01:27.711096,84CCA8550D40,ac:23:3f:4e:6b:57,26.01,55.39,-77
2022-05-16 17:01:57.698060,84CCA8550D40,ac:23:3f:4e:6b:57,26.04,55.36,-71
2022-05-16 17:02:22.481528,84CCA8550D40,ac:23:3f:4e:6b:57,26.06,55.2,-78
2022-05-16 17:02:47.070408,84CCA8550D40,ac:23:3f:4e:6b:57,26.1,55.37,-70
2022-05-16 17:02:56.348018,84CCA8550D40,ac:23:3f:4e:6b:57,26.1,55.37,-75
2022-05-16 17:03:30.644499,84CCA8550D40,ac:23:3f:4e:6b:57,26.17,55.52,-81
2022-05-16 17:04:00.403239,84CCA8550D40,ac:23:3f:4e:6b:57,26.21,55.16,-76
2022-05-16 17:04:30.379582,84CCA8550D40,ac:23:3f:4e:6b:57,26.23,55.14,-76
2022-05-16 17:04:55.060471,84CCA8550D40,ac:23:3f:4e:6b:57,26.17,54.92,-76
2022-05-16 17:05:24.630822,84CCA8550D40,ac:23:3f:4e:6b:57,26.18,55.05,-76
2022-05-16 17:05:49.328728,84CCA8550D40,ac:23:3f:4e:6b:57,26.18,54.92,-67
2022-05-16 17:06:19.034924,84CCA8550D40,ac:23:3f:4e:6b:57,26.17,55.02,-75
2022-05-16 17:06:48.952801,84CCA8550D40,ac:23:3f:4e:6b:57,26.2,55.29,-74
2022-05-16 17:07:18.838794,84CCA8550D40,ac:23:3f:4e:6b:57,26.17,55.28,-74
2022-05-16 17:08:03.085816,84CCA8550D40,ac:23:3f:4e:6b:57,26.21,55.47,-69
2022-05-16 17:08:27.777311,84CCA8550D40,ac:23:3f:4e:6b:57,26.22,55.5,-72
2022-05-16 17:08:58.069413,84CCA8550D40,ac:23:3f:4e:6b:57,26.22,55.29,-70
2022-05-16 17:09:22.755505,84CCA8550D40,ac:23:3f:4e:6b:57,26.26,55.31,-73
2022-05-16 17:09:52.369923,84CCA8550D40,ac:23:3f:4e:6b:57,26.26,55.08,-75
2022-05-16 17:10:22.123273,84CCA8550D40,ac:23:3f:4e:6b:57,26.27,55.13,-76
2022-05-16 17:10:46.809866,84CCA8550D40,ac:23:3f:4e:6b:57,26.23,54.98,-70
2022-05-16 17:11:16.546996,84CCA8550D40,ac:23:3f:4e:6b:57,26.24,55.63,-75
2022-05-16 17:11:46.530601,84CCA8550D40,ac:23:3f:4e:6b:57,26.26,55.83,-70
2022-05-16 17:12:11.316178,84CCA8550D40,ac:23:3f:4e:6b:57,26.23,55.26,-69
2022-05-16 17:12:40.810347,84CCA8550D40,ac:23:3f:4e:6b:57,26.24,55.25,-73
2022-05-16 17:13:05.564030,84CCA8550D40,ac:23:3f:4e:6b:57,26.23,55.07,-72
2022-05-16 17:13:35.289328,84CCA8550D40,ac:23:3f:4e:6b:57,26.22,55.05,-75
2022-05-16 17:14:05.180112,84CCA8550D40,ac:23:3f:4e:6b:57,26.2,55.03,-68
2022-05-16 17:14:29.836181,84CCA8550D40,ac:23:3f:4e:6b:57,26.16,55.68,-67
2022-05-16 17:14:59.782447,84CCA8550D40,ac:23:3f:4e:6b:57,26.15,55.42,-72
2022-05-16 17:15:24.544146,84CCA8550D40,ac:23:3f:4e:6b:57,26.17,56.33,-74
2022-05-16 17:15:54.065326,84CCA8550D40,ac:23:3f:4e:6b:57,26.17,55.69,-75
2022-05-16 17:16:24.218072,84CCA8550D40,ac:23:3f:4e:6b:57,26.18,55.5,-73
2022-05-16 17:16:48.907245,84CCA8550D40,ac:23:3f:4e:6b:57,26.24,55.34,-77
2022-05-16 17:17:19.384605,84CCA8550D40,ac:23:3f:4e:6b:57,26.24,55.34,-75
2022-05-16 17:17:44.255065,84CCA8550D40,ac:23:3f:4e:6b:57,26.25,55.22,-68
2022-05-16 17:18:13.821212,84CCA8550D40,ac:23:3f:4e:6b:57,26.26,55.22,-69
2022-05-16 17:18:43.378435,84CCA8550D40,ac:23:3f:4e:6b:57,26.28,55.28,-74
2022-05-16 17:19:08.060246,84CCA8550D40,ac:23:3f:4e:6b:57,26.32,55.25,-75
2022-05-16 17:19:34.344211,84CCA8550D40,ac:23:3f:4e:6b:57,26.34,55.18,-68
2022-05-16 17:20:04.067864,84CCA8550D40,ac:23:3f:4e:6b:57,26.34,55.08,-77
2022-05-16 17:20:33.970303,84CCA8550D40,ac:23:3f:4e:6b:57,26.36,55.14,-70
2022-05-16 17:20:58.555887,84CCA8550D40,ac:23:3f:4e:6b:57,26.37,55.52,-80
2022-05-16 17:21:28.519752,84CCA8550D40,ac:23:3f:4e:6b:57,26.36,55.48,-79
2022-05-16 17:21:58.107253,84CCA8550D40,ac:23:3f:4e:6b:57,26.33,55.33,-68
2022-05-16 17:22:22.783452,84CCA8550D40,ac:23:3f:4e:6b:57,26.35,55.21,-77
2022-05-16 17:22:52.640823,84CCA8550D40,ac:23:3f:4e:6b:57,26.34,55.19,-77
2022-05-16 17:23:17.309269,84CCA8550D40,ac:23:3f:4e:6b:57,26.33,55.24,-67
2022-05-16 17:23:47.104166,84CCA8550D40,ac:23:3f:4e:6b:57,26.28,55.34,-76
2022-05-16 17:24:17.048420,84CCA8550D40,ac:23:3f:4e:6b:57,26.27,55.46,-75
2022-05-16 17:24:41.678538,84CCA8550D40,ac:23:3f:4e:6b:57,26.27,55.39,-69
2022-05-16 17:25:11.327518,84CCA8550D40,ac:23:3f:4e:6b:57,26.26,55.32,-70
2022-05-16 17:25:35.989250,84CCA8550D40,ac:23:3f:4e:6b:57,26.26,55.67,-74
2022-05-16 17:26:05.884226,84CCA8550D40,ac:23:3f:4e:6b:57,26.29,55.59,-73
2022-05-16 17:26:35.599027,84CCA8550D40,ac:23:3f:4e:6b:57,26.31,55.63,-75
2022-05-16 17:41:08.469358,84CCA8550D40,ac:23:3f:4e:6b:57,26.34,55.65,-59
2022-05-16 17:41:33.135153,84CCA8550D40,ac:23:3f:4e:6b:57,26.38,55.8,-59
2022-05-16 17:42:02.950640,84CCA8550D40,ac:23:3f:4e:6b:57,26.38,55.62,-57
2022-05-16 17:42:32.904143,84CCA8550D40,ac:23:3f:4e:6b:57,26.4,55.51,-59
2022-05-16 17:42:57.741885,84CCA8550D40,ac:23:3f:4e:6b:57,26.39,55.52,-57
2022-05-16 17:43:27.195570,84CCA8550D40,ac:23:3f:4e:6b:57,26.41,55.61,-57
2022-05-16 17:43:52.310359,84CCA8550D40,ac:23:3f:4e:6b:57,26.43,55.5,-58
2022-05-16 17:44:22.069729,84CCA8550D40,ac:23:3f:4e:6b:57,26.45,55.59,-58
2022-05-16 17:44:47.999021,84CCA8550D40,ac:23:3f:4e:6b:57,26.46,55.39,-60
2022-05-16 17:45:13.742532,84CCA8550D40,ac:23:3f:4e:6b:57,26.47,55.39,-60
2022-05-16 17:45:43.395338,84CCA8550D40,ac:23:3f:4e:6b:57,26.46,54.94,-58
2022-05-16 17:46:13.249130,84CCA8550D40,ac:23:3f:4e:6b:57,26.47,55.09,-59
2022-05-16 17:46:37.933117,84CCA8550D40,ac:23:3f:4e:6b:57,26.47,54.98,-57
2022-05-16 17:47:07.851551,84CCA8550D40,ac:23:3f:4e:6b:57,26.48,55.0,-59
2022-05-16 17:47:37.806714,84CCA8550D40,ac:23:3f:4e:6b:57,26.49,54.94,-58
2022-05-16 17:48:02.313066,84CCA8550D40,ac:23:3f:4e:6b:57,26.51,55.09,-59
2022-05-16 17:48:32.049221,84CCA8550D40,ac:23:3f:4e:6b:57,26.53,54.93,-58
2022-05-16 17:49:01.736704,84CCA8550D40,ac:23:3f:4e:6b:57,26.55,55.03,-58
2022-05-16 17:49:26.535578,84CCA8550D40,ac:23:3f:4e:6b:57,26.55,55.03,-59
2022-05-16 17:49:56.271938,84CCA8550D40,ac:23:3f:4e:6b:57,26.54,54.9,-58
2022-05-16 17:50:21.090398,84CCA8550D40,ac:23:3f:4e:6b:57,26.56,54.85,-59
2022-05-16 17:50:46.841588,84CCA8550D40,ac:23:3f:4e:6b:57,26.57,54.9,-60
2022-05-16 17:51:16.612433,84CCA8550D40,ac:23:3f:4e:6b:57,26.57,54.72,-58
2022-05-16 17:51:46.346804,84CCA8550D40,ac:23:3f:4e:6b:57,26.58,54.8,-58
2022-05-16 17:52:16.068185,84CCA8550D40,ac:23:3f:4e:6b:57,26.59,54.66,-58
2022-05-16 17:52:37.003215,84CCA8550D40,ac:23:3f:4e:6b:57,26.59,54.67,-60
2022-05-16 17:53:11.608674,84CCA8550D40,ac:23:3f:4e:6b:57,26.6,54.71,-58
2022-05-16 17:53:36.456639,84CCA8550D40,ac:23:3f:4e:6b:57,26.59,54.7,-59
2022-05-16 17:54:06.136594,84CCA8550D40,ac:23:3f:4e:6b:57,26.58,54.71,-58
2022-05-16 17:54:31.735773,84CCA8550D40,ac:23:3f:4e:6b:57,26.59,54.9,-59
2022-05-16 17:55:01.452513,84CCA8550D40,ac:23:3f:4e:6b:57,26.42,55.52,-57
2022-05-16 17:55:25.959046,84CCA8550D40,ac:23:3f:4e:6b:57,26.42,55.51,-58
2022-05-16 17:55:55.644841,84CCA8550D40,ac:23:3f:4e:6b:57,26.41,55.27,-59
2022-05-16 17:56:25.385415,84CCA8550D40,ac:23:3f:4e:6b:57,26.4,55.43,-58
2022-05-16 17:56:46.340029,84CCA8550D40,ac:23:3f:4e:6b:57,26.38,55.6,-60
2022-05-16 17:57:21.148238,84CCA8550D40,ac:23:3f:4e:6b:57,26.39,56.04,-58
2022-05-16 17:57:46.691541,84CCA8550D40,ac:23:3f:4e:6b:57,26.4,55.82,-59
2022-05-16 17:58:11.761181,84CCA8550D40,ac:23:3f:4e:6b:57,26.44,56.75,-60
2022-05-16 17:58:41.300873,84CCA8550D40,ac:23:3f:4e:6b:57,26.44,56.25,-58
2022-05-16 17:59:10.960174,84CCA8550D40,ac:23:3f:4e:6b:57,26.42,55.61,-57
2022-05-16 17:59:40.946089,84CCA8550D40,ac:23:3f:4e:6b:57,26.42,55.61,-58
2022-05-16 18:00:05.847497,84CCA8550D40,ac:23:3f:4e:6b:57,26.38,55.58,-57
2022-05-16 18:00:31.504396,84CCA8550D40,ac:23:3f:4e:6b:57,26.37,55.73,-60
2022-05-16 18:01:01.435812,84CCA8550D40,ac:23:3f:4e:6b:57,26.31,55.95,-58
2022-05-16 18:01:30.924579,84CCA8550D40,ac:23:3f:4e:6b:57,26.27,56.36,-58
2022-05-16 18:01:55.730729,84CCA8550D40,ac:23:3f:4e:6b:57,26.1,56.26,-59
2022-05-16 18:02:25.715657,84CCA8550D40,ac:23:3f:4e:6b:57,26.09,57.08,-58
2022-05-16 18:02:55.203117,84CCA8550D40,ac:23:3f:4e:6b:57,26.09,56.73,-58
2022-05-16 18:03:19.954109,84CCA8550D40,ac:23:3f:4e:6b:57,26.05,56.88,-58
2022-05-16 18:03:49.705733,84CCA8550D40,ac:23:3f:4e:6b:57,26.05,56.93,-57
2022-05-16 18:04:10.538237,84CCA8550D40,ac:23:3f:4e:6b:57,26.06,57.11,-60
2022-05-16 18:04:19.935031,84CCA8550D40,ac:23:3f:4e:6b:57,26.06,56.77,-58
2022-05-16 18:04:44.581330,84CCA8550D40,ac:23:3f:4e:6b:57,26.06,56.77,-57
2022-05-16 18:05:14.475234,84CCA8550D40,ac:23:3f:4e:6b:57,26.06,56.98,-58
2022-05-16 18:05:39.379353,84CCA8550D40,ac:23:3f:4e:6b:57,26.1,56.95,-57
2022-05-16 18:06:08.847434,84CCA8550D40,ac:23:3f:4e:6b:57,26.09,56.77,-57
2022-05-16 18:06:33.764167,84CCA8550D40,ac:23:3f:4e:6b:57,26.05,56.96,-59
2022-05-16 18:06:59.665814,84CCA8550D40,ac:23:3f:4e:6b:57,26.02,56.92,-60
2022-05-16 18:07:29.374234,84CCA8550D40,ac:23:3f:4e:6b:57,26.0,56.94,-57
2022-05-16 18:07:59.829263,84CCA8550D40,ac:23:3f:4e:6b:57,26.01,57.08,-58
2022-05-16 18:08:25.384700,84CCA8550D40,ac:23:3f:4e:6b:57,26.04,56.96,-60
2022-05-16 18:08:51.417821,84CCA8550D40,ac:23:3f:4e:6b:57,26.03,56.96,-60
2022-05-16 18:09:20.813806,84CCA8550D40,ac:23:3f:4e:6b:57,25.96,57.32,-59
2022-05-16 18:09:50.875040,84CCA8550D40,ac:23:3f:4e:6b:57,25.91,57.52,-58
2022-05-16 18:10:16.697096,84CCA8550D40,ac:23:3f:4e:6b:57,25.78,57.82,-60
2022-05-16 18:10:46.292495,84CCA8550D40,ac:23:3f:4e:6b:57,25.78,57.82,-59
2022-05-16 18:11:11.409739,84CCA8550D40,ac:23:3f:4e:6b:57,25.78,57.97,-58
2022-05-16 18:11:35.688668,84CCA8550D40,ac:23:3f:4e:6b:57,25.77,58.04,-59
2022-05-16 18:11:45.518810,84CCA8550D40,ac:23:3f:4e:6b:57,25.77,58.04,-58
2022-05-16 18:14:40.278147,84CCA8550D40,ac:23:3f:4e:6b:57,25.76,58.12,-59
2022-05-16 18:14:49.695113,84CCA8550D40,ac:23:3f:4e:6b:57,25.71,58.08,-59
2022-05-16 18:15:04.176844,84CCA8550D40,ac:23:3f:4e:6b:57,25.74,58.12,-58
2022-05-16 18:15:13.853938,84CCA8550D40,ac:23:3f:4e:6b:57,25.74,58.15,-58
2022-05-16 18:15:23.078981,84CCA8550D40,ac:23:3f:4e:6b:57,25.7,58.22,-59
2022-05-16 18:15:32.567797,84CCA8550D40,ac:23:3f:4e:6b:57,25.71,58.38,-58
2022-05-16 18:15:42.214566,84CCA8550D40,ac:23:3f:4e:6b:57,25.71,58.45,-59
2022-05-16 18:15:51.851001,84CCA8550D40,ac:23:3f:4e:6b:57,25.74,58.45,-58
2022-05-16 18:16:06.372450,84CCA8550D40,ac:23:3f:4e:6b:57,25.75,58.41,-59
2022-05-16 18:16:20.937132,84CCA8550D40,ac:23:3f:4e:6b:57,25.72,58.22,-59
2022-05-16 18:16:30.403426,84CCA8550D40,ac:23:3f:4e:6b:57,25.72,58.29,-57
2022-05-16 18:16:40.072209,84CCA8550D40,ac:23:3f:4e:6b:57,25.75,58.29,-59
2022-05-16 18:16:49.317832,84CCA8550D40,ac:23:3f:4e:6b:57,25.75,58.3,-58
2022-05-16 18:16:58.877383,84CCA8550D40,ac:23:3f:4e:6b:57,25.74,58.27,-58
2022-05-16 18:17:08.550161,84CCA8550D40,ac:23:3f:4e:6b:57,25.76,58.28,-58
2022-05-16 18:17:17.800007,84CCA8550D40,ac:23:3f:4e:6b:57,25.77,58.3,-58
2022-05-16 18:17:27.258104,84CCA8550D40,ac:23:3f:4e:6b:57,25.8,58.38,-59
2022-05-16 18:17:36.923646,84CCA8550D40,ac:23:3f:4e:6b:57,25.82,58.43,-59
2022-05-16 18:17:42.282969,84CCA8550D40,ac:23:3f:4e:6b:57,25.84,58.51,-60
2022-05-16 18:17:51.830464,84CCA8550D40,ac:23:3f:4e:6b:57,25.85,58.55,-58
2022-05-16 18:18:01.280689,84CCA8550D40,ac:23:3f:4e:6b:57,25.86,58.49,-58
2022-05-16 18:18:15.899555,84CCA8550D40,ac:23:3f:4e:6b:57,25.87,58.25,-59
2022-05-16 18:18:25.450692,84CCA8550D40,ac:23:3f:4e:6b:57,25.89,58.2,-59
2022-05-16 18:18:34.736920,84CCA8550D40,ac:23:3f:4e:6b:57,25.86,58.16,-59
2022-05-16 18:18:49.282254,84CCA8550D40,ac:23:3f:4e:6b:57,25.87,58.3,-58
2022-05-16 18:18:58.959221,84CCA8550D40,ac:23:3f:4e:6b:57,25.89,58.33,-59
2022-05-16 18:19:18.402736,84CCA8550D40,ac:23:3f:4e:6b:57,25.92,58.2,-58
2022-05-16 18:19:32.910158,84CCA8550D40,ac:23:3f:4e:6b:57,25.92,58.46,-59
2022-05-16 18:19:42.400386,84CCA8550D40,ac:23:3f:4e:6b:57,25.94,58.36,-58
2022-05-16 18:19:52.152492,84CCA8550D40,ac:23:3f:4e:6b:57,25.96,60.01,-59
2022-05-16 18:19:57.527093,84CCA8550D40,ac:23:3f:4e:6b:57,25.98,59.59,-60
2022-05-16 18:20:07.096907,84CCA8550D40,ac:23:3f:4e:6b:57,25.99,58.92,-59
2022-05-16 18:20:16.566288,84CCA8550D40,ac:23:3f:4e:6b:57,25.97,58.45,-59
2022-05-16 18:20:30.913770,84CCA8550D40,ac:23:3f:4e:6b:57,25.97,58.42,-58
2022-05-16 18:20:45.924101,84CCA8550D40,ac:23:3f:4e:6b:57,26.02,58.21,-60
2022-05-16 18:20:51.491929,84CCA8550D40,ac:23:3f:4e:6b:57,26.01,58.23,-60
2022-05-16 18:21:00.755433,84CCA8550D40,ac:23:3f:4e:6b:57,26.01,58.19,-59
2022-05-16 18:21:10.353596,84CCA8550D40,ac:23:3f:4e:6b:57,26.02,58.18,-58
2022-05-16 18:21:19.912148,84CCA8550D40,ac:23:3f:4e:6b:57,26.03,58.16,-59
2022-05-16 18:21:29.300755,84CCA8550D40,ac:23:3f:4e:6b:57,26.04,58.15,-59
2022-05-16 18:21:39.374442,84CCA8550D40,ac:23:3f:4e:6b:57,26.05,58.21,-59
2022-05-16 18:21:48.225400,84CCA8550D40,ac:23:3f:4e:6b:57,26.05,58.25,-59
2022-05-16 18:21:57.743292,84CCA8550D40,ac:23:3f:4e:6b:57,26.06,58.08,-59
2022-05-16 18:22:03.381891,84CCA8550D40,ac:23:3f:4e:6b:57,26.0,57.92,-60
2022-05-16 18:22:23.093080,84CCA8550D40,ac:23:3f:4e:6b:57,25.98,58.04,-58
2022-05-16 18:22:32.706488,84CCA8550D40,ac:23:3f:4e:6b:57,25.95,57.78,-58
2022-05-16 18:22:41.947086,84CCA8550D40,ac:23:3f:4e:6b:57,25.95,57.78,-58
2022-05-16 18:23:06.180479,84CCA8550D40,ac:23:3f:4e:6b:57,25.95,58.08,-59
2022-05-16 18:23:15.506613,84CCA8550D40,ac:23:3f:4e:6b:57,25.93,57.94,-59
2022-05-16 18:23:24.975037,84CCA8550D40,ac:23:3f:4e:6b:57,25.89,57.73,-58
2022-05-16 18:23:34.621076,84CCA8550D40,ac:23:3f:4e:6b:57,25.87,57.65,-59
2022-05-16 18:23:43.903744,84CCA8550D40,ac:23:3f:4e:6b:57,25.83,57.55,-61
2022-05-16 18:23:53.379860,84CCA8550D40,ac:23:3f:4e:6b:57,25.8,57.66,-59
2022-05-16 18:24:03.127524,84CCA8550D40,ac:23:3f:4e:6b:57,25.8,57.66,-59
2022-05-16 18:24:27.877950,84CCA8550D40,ac:23:3f:4e:6b:57,25.74,58.16,-61
2022-05-16 18:24:36.848571,84CCA8550D40,ac:23:3f:4e:6b:57,25.75,58.27,-59
2022-05-16 18:24:43.950232,84CCA8550D40,ac:23:3f:4e:6b:57,25.76,58.29,-60
2022-05-16 18:24:48.718644,84CCA8550D40,ac:23:3f:4e:6b:57,25.76,58.32,-60
2022-05-16 18:24:57.541122,84CCA8550D40,ac:23:3f:4e:6b:57,25.76,58.38,-59
2022-05-16 18:25:06.735980,84CCA8550D40,ac:23:3f:4e:6b:57,25.79,58.51,-59
2022-05-16 18:25:16.207498,84CCA8550D40,ac:23:3f:4e:6b:57,25.79,58.48,-58
2022-05-16 18:25:25.860148,84CCA8550D40,ac:23:3f:4e:6b:57,25.81,58.34,-59
2022-05-16 18:25:35.227049,84CCA8550D40,ac:23:3f:4e:6b:57,25.82,58.29,-58
2022-05-16 18:25:44.699989,84CCA8550D40,ac:23:3f:4e:6b:57,25.83,58.08,-58
2022-05-16 18:25:54.403461,84CCA8550D40,ac:23:3f:4e:6b:57,25.84,58.05,-59
2022-05-16 18:26:03.716512,84CCA8550D40,ac:23:3f:4e:6b:57,25.81,58.09,-58
2022-05-16 18:26:13.099429,84CCA8550D40,ac:23:3f:4e:6b:57,25.8,58.04,-58
2022-05-16 18:26:22.762908,84CCA8550D40,ac:23:3f:4e:6b:57,25.79,58.03,-57
2022-05-16 18:26:32.099461,84CCA8550D40,ac:23:3f:4e:6b:57,25.79,58.29,-58
2022-05-16 18:26:51.850206,84CCA8550D40,ac:23:3f:4e:6b:57,25.82,58.47,-58
2022-05-16 18:26:57.380180,84CCA8550D40,ac:23:3f:4e:6b:57,25.82,58.34,-60
2022-05-16 18:27:06.640215,84CCA8550D40,ac:23:3f:4e:6b:57,25.82,58.37,-58
2022-05-16 18:27:16.330708,84CCA8550D40,ac:23:3f:4e:6b:57,25.83,58.61,-56
2022-05-16 18:27:25.584918,84CCA8550D40,ac:23:3f:4e:6b:57,25.83,58.65,-58
2022-05-16 18:27:35.197290,84CCA8550D40,ac:23:3f:4e:6b:57,25.82,58.51,-58
2022-05-16 18:27:44.795182,84CCA8550D40,ac:23:3f:4e:6b:57,25.83,58.53,-58
2022-05-16 18:27:54.125072,84CCA8550D40,ac:23:3f:4e:6b:57,25.85,58.52,-58
2022-05-16 18:28:03.588518,84CCA8550D40,ac:23:3f:4e:6b:57,25.86,58.71,-59
2022-05-16 18:28:13.262707,84CCA8550D40,ac:23:3f:4e:6b:57,25.88,58.65,-59
2022-05-16 18:28:23.666798,84CCA8550D40,ac:23:3f:4e:6b:57,25.86,58.37,-60
2022-05-16 18:28:29.259191,84CCA8550D40,ac:23:3f:4e:6b:57,25.87,58.35,-60
2022-05-16 18:28:38.657172,84CCA8550D40,ac:23:3f:4e:6b:57,25.86,58.46,-61
2022-05-16 18:28:53.181422,84CCA8550D40,ac:23:3f:4e:6b:57,25.85,58.34,-59
2022-05-16 18:29:02.837072,84CCA8550D40,ac:23:3f:4e:6b:57,25.85,58.49,-59
2022-05-16 18:29:12.122719,84CCA8550D40,ac:23:3f:4e:6b:57,25.84,58.64,-59
2022-05-16 18:29:21.588506,84CCA8550D40,ac:23:3f:4e:6b:57,25.84,58.66,-58
2022-05-16 18:29:27.165376,84CCA8550D40,ac:23:3f:4e:6b:57,25.85,58.71,-60
2022-05-16 18:29:36.733930,84CCA8550D40,ac:23:3f:4e:6b:57,25.86,58.69,-59
2022-05-16 18:29:46.183721,84CCA8550D40,ac:23:3f:4e:6b:57,25.87,58.62,-59
2022-05-16 18:29:55.549173,84CCA8550D40,ac:23:3f:4e:6b:57,25.88,58.4,-59
2022-05-16 18:30:10.079993,84CCA8550D40,ac:23:3f:4e:6b:57,25.84,58.36,-58
2022-05-16 18:30:19.561335,84CCA8550D40,ac:23:3f:4e:6b:57,25.84,58.31,-59
2022-05-16 18:30:25.120552,84CCA8550D40,ac:23:3f:4e:6b:57,25.84,58.31,-60
2022-05-16 18:31:34.680402,84CCA8550D40,ac:23:3f:4e:6b:57,25.86,59.09,-58
2022-05-16 18:32:04.909884,84CCA8550D40,ac:23:3f:4e:6b:57,25.88,58.66,-59
2022-05-16 18:32:59.928734,84CCA8550D40,ac:23:3f:4e:6b:57,25.98,59.18,-58
2022-05-16 18:33:55.127408,84CCA8550D40,ac:23:3f:4e:6b:57,25.98,58.35,-58
2022-05-16 18:34:15.846459,84CCA8550D40,ac:23:3f:4e:6b:57,25.89,58.14,-60
2022-05-16 18:36:11.834499,84CCA8550D40,ac:23:3f:4e:6b:57,25.93,58.61,-59
2022-05-16 18:37:07.108799,84CCA8550D40,ac:23:3f:4e:6b:57,25.97,58.42,-59
2022-05-16 18:38:27.454729,84CCA8550D40,ac:23:3f:4e:6b:57,26.01,58.72,-57
2022-05-16 18:38:57.406097,84CCA8550D40,ac:23:3f:4e:6b:57,26.01,58.6,-56
2022-05-16 18:39:52.378296,84CCA8550D40,ac:23:3f:4e:6b:57,26.01,58.32,-57
2022-05-16 18:40:47.789459,84CCA8550D40,ac:23:3f:4e:6b:57,25.84,58.28,-59
2022-05-16 18:41:27.512028,84CCA8550D40,ac:23:3f:4e:6b:57,25.81,58.57,-59
2022-05-16 18:41:37.153752,84CCA8550D40,ac:23:3f:4e:6b:57,25.81,58.57,-57
2022-05-16 18:42:35.267818,84CCA8550D40,ac:23:3f:4e:6b:57,25.82,58.66,-57
2022-05-16 18:43:30.446377,84CCA8550D40,ac:23:3f:4e:6b:57,25.73,58.85,-57
2022-05-16 18:44:09.687061,84CCA8550D40,ac:23:3f:4e:6b:57,25.75,58.95,-59
2022-05-16 18:44:34.378179,84CCA8550D40,ac:23:3f:4e:6b:57,25.78,58.99,-57
2022-05-16 18:45:04.101668,84CCA8550D40,ac:23:3f:4e:6b:57,25.8,59.16,-58
2022-05-16 18:45:28.881730,84CCA8550D40,ac:23:3f:4e:6b:57,25.84,59.15,-59
2022-05-16 18:45:58.654808,84CCA8550D40,ac:23:3f:4e:6b:57,25.89,59.17,-56
2022-05-16 18:46:18.362330,84CCA8550D40,ac:23:3f:4e:6b:57,25.93,59.33,-58
2022-05-16 18:46:57.573157,84CCA8550D40,ac:23:3f:4e:6b:57,25.95,58.95,-57
2022-05-16 18:47:27.759666,84CCA8550D40,ac:23:3f:4e:6b:57,25.96,58.78,-58
2022-05-16 18:47:52.421138,84CCA8550D40,ac:23:3f:4e:6b:57,25.97,58.83,-56
2022-05-16 18:48:47.776632,84CCA8550D40,ac:23:3f:4e:6b:57,26.0,58.53,-59
time,anchor_id,tag_id,Temperature,Humidity,rssi
2022-05-16 19:48:31.958451,2022-05-16T19:48:30Z,84CCA8550D40,ac:23:3f:4e:6b:57,25.47,58.8,-65
2022-05-16 19:48:56.691185,2022-05-16T19:48:56Z,84CCA8550D40,ac:23:3f:4e:6b:57,25.5,58.97,-65
2022-05-16 19:49:26.416909,2022-05-16T19:49:25Z,84CCA8550D40,ac:23:3f:4e:6b:57,25.52,58.55,-65
time,scan_time,anchor_id,tag_id,Temperature,Humidity,rssi
2022-05-16 19:50:20.929249,2022-05-16T19:50:20Z,84CCA8550D40,ac:23:3f:4e:6b:57,25.52,58.3,-77
2022-05-16 19:50:45.605640,2022-05-16T19:50:44Z,84CCA8550D40,ac:23:3f:4e:6b:57,25.53,58.23,-64
2022-05-16 19:51:15.601592,2022-05-16T19:51:14Z,84CCA8550D40,ac:23:3f:4e:6b:57,25.54,58.2,-64
2022-05-16 19:51:40.280797,2022-05-16T19:51:38Z,84CCA8550D40,ac:23:3f:4e:6b:57,25.51,58.42,-65
2022-05-16 19:52:09.883135,2022-05-16T19:52:09Z,84CCA8550D40,ac:23:3f:4e:6b:57,25.51,58.46,-77
2022-05-16 19:52:34.557094,2022-05-16T19:52:33Z,84CCA8550D40,ac:23:3f:4e:6b:57,25.51,58.46,-64
2022-05-16 19:53:04.301197,2022-05-16T19:53:03Z,84CCA8550D40,ac:23:3f:4e:6b:57,25.5,58.66,-76
2022-05-16 19:53:14.021582,2022-05-16T19:53:13Z,84CCA8550D40,ac:23:3f:4e:6b:57,25.5,58.66,-65
2022-05-16 19:53:44.637366,2022-05-16T19:53:42Z,84CCA8550D40,ac:23:3f:4e:6b:57,25.52,58.42,-65
2022-05-16 19:54:13.617679,2022-05-16T19:54:12Z,84CCA8550D40,ac:23:3f:4e:6b:57,25.52,58.42,-65
2022-05-16 19:54:38.344661,2022-05-16T19:54:37Z,84CCA8550D40,ac:23:3f:4e:6b:57,25.51,58.36,-65
